first_name,last_name,birthdate,ssn,email,vaccine_date,contagion_date,healing_date,negative_test_date
Alon,Reeve,1980-01-28,852-26-0189,areeve0@dmoz.org,,2021-10-24,,2021-03-21
Demetra,Paler,1943-08-24,641-60-5056,dpaler1@mapquest.com,,2021-11-03,,
Solly,Hayller,1976-02-23,821-85-1004,shayller2@parallels.com,,2021-10-26,,
Dayle,Haggarth,2008-10-26,442-57-6423,dhaggarth3@addthis.com,,2021-10-28,,
Roddie,Stogill,1995-02-20,235-68-3030,rstogill4@plala.or.jp,,2021-10-27,,2021-02-17
Tamarra,Twinborne,1998-03-21,579-08-0351,ttwinborne5@patch.com,2021-03-25,2021-10-25,,2021-05-28
Gabie,Sandeland,2004-01-02,328-44-5817,gsandeland6@archive.org,,2021-10-29,,
Evin,Calvert,1993-02-01,141-36-6612,ecalvert7@theatlantic.com,,2021-10-28,,
Darin,Deegan,1994-10-19,818-95-0876,ddeegan8@addthis.com,,2021-11-01,,2020-08-03
Row,Kilsby,1940-09-24,868-66-5084,rkilsby9@networkadvertising.org,,2021-11-02,,
Byran,Cullum,1963-07-02,113-45-9514,bculluma@amazonaws.com,,2021-10-27,,2021-10-05
Neale,Atthowe,1935-04-16,732-15-3041,natthoweb@cloudflare.com,,2021-10-30,,2020-07-27
Tadio,Astles,1952-07-27,546-92-2189,tastlesc@unc.edu,,2021-11-05,,
Even,Esser,1989-03-29,207-08-5870,eesserd@google.com.au,,2021-10-29,,
Gilly,Farrens,1938-02-22,778-51-0089,gfarrense@desdev.cn,,2021-10-29,,
Rog,Strathe,1949-03-16,591-52-4597,rstrathef@spiegel.de,,2021-10-31,,
Sheffy,Raeside,1974-01-23,873-06-8199,sraesideg@amazon.de,,2021-10-29,,
Ingaborg,Pache,1984-03-14,433-03-9229,ipacheh@elegantthemes.com,,2021-10-24,,
Daryn,Kornalik,1991-09-23,698-68-7734,dkornaliki@usda.gov,,2021-11-03,,
Noella,Pimbley,1973-03-07,122-50-8683,npimbleyj@typepad.com,,2021-10-26,,2020-06-07
Rolland,Larby,1944-12-12,648-50-1122,rlarbyk@theglobeandmail.com,,2021-10-27,,
Demetra,Elbourne,1981-08-10,585-31-6896,delbournel@tinypic.com,,2021-11-04,,2021-02-18
Guenna,Hurle,1969-09-18,333-05-2893,ghurlem@yale.edu,,2021-10-30,,
Verge,Goldston,1944-10-21,877-86-9398,vgoldstonn@mlb.com,,2021-10-26,,
Peadar,Sharrier,1992-08-10,704-64-9516,psharriero@cnbc.com,,2021-10-28,,
Andeee,Sands,1957-04-21,652-88-9487,asandsp@nature.com,,2021-10-28,,2021-10-06
Rosita,Danher,1988-12-10,527-87-0976,rdanherq@booking.com,,2021-10-25,,2021-07-12
Anabal,Driscoll,1996-09-03,477-98-3391,adriscollr@google.nl,,2021-10-24,,
Cammi,MacManus,1967-01-04,878-44-3254,cmacmanuss@ca.gov,,2021-10-25,,2020-11-19
Lon,Esplin,1941-02-17,140-75-6087,lesplint@indiatimes.com,,2021-11-04,,
Arlene,Southey,1994-03-18,867-57-6732,asoutheyu@ustream.tv,,2021-10-25,,
Francklyn,Jenson,1995-09-12,337-81-4108,fjensonv@mac.com,,2021-10-31,,
Jennilee,Oldman,1985-02-01,106-20-6710,joldmanw@flavors.me,,2021-10-25,,
Seamus,Kettle,1979-11-13,782-24-2092,skettlex@senate.gov,,2021-10-25,,
Padgett,Vlasin,1980-04-13,430-79-8407,pvlasiny@phpbb.com,,2021-10-31,,
Laney,Cerman,1945-09-27,795-17-9002,lcermanz@zimbio.com,,2021-11-05,,2021-08-02
Bernita,Aglione,1961-05-27,114-27-9331,baglione10@weibo.com,,2021-11-04,,2020-09-11
Raddie,Hover,1985-04-06,534-76-3341,rhover11@washington.edu,,2021-11-01,,2020-04-16
Helge,Yanyshev,1962-12-05,441-32-0723,hyanyshev12@twitter.com,,2021-11-03,,2021-05-11
Phip,Jobbins,1973-06-19,677-77-7745,pjobbins13@symantec.com,,2021-10-30,,
Ewell,Siflet,1975-05-27,751-65-4539,esiflet14@timesonline.co.uk,,2021-11-02,,
Iseabal,O'Kane,1985-01-03,736-41-8260,iokane15@mit.edu,,2021-10-31,,
Pavel,Stenbridge,1968-04-28,181-37-3532,pstenbridge16@smh.com.au,,2021-11-05,,
Kris,Banham,1985-08-04,740-74-6265,kbanham17@webmd.com,,2021-11-02,,2020-12-23
Brian,Leet,1968-07-16,717-50-1307,bleet18@google.de,,2021-11-05,,2020-12-25
Max,Arnholtz,1995-10-14,320-03-8304,marnholtz19@people.com.cn,,2021-11-03,,
Ursa,Bewsy,1940-08-10,389-12-7244,ubewsy1a@devhub.com,,2021-10-29,,
Sean,Grendon,1952-01-17,343-11-5878,sgrendon1b@bloglines.com,,2021-10-24,,
Yvonne,Eddies,1949-01-26,702-60-4474,yeddies1c@prnewswire.com,,2021-10-28,,
Alene,Blaydon,1969-05-21,745-69-1034,ablaydon1d@nih.gov,,2021-11-02,,
Sayer,Tookill,2000-07-22,346-51-1532,stookill1e@wix.com,,2021-10-29,,
Zondra,Sirette,1983-09-23,297-79-2165,zsirette1f@reference.com,,2021-10-30,,
Tammy,Thombleson,1971-12-26,590-07-8838,tthombleson1g@canalblog.com,,2021-11-03,,2020-09-04
Farrell,Gronowe,2005-04-13,560-83-2526,fgronowe1h@acquirethisname.com,,2021-10-26,,
Lotta,Banat,1936-04-09,287-88-4647,lbanat1i@home.pl,,2021-11-03,,
Robb,Millimoe,1938-09-19,808-28-6528,rmillimoe1j@ebay.co.uk,,2021-10-25,,2020-12-18
Wynnie,Riding,1951-05-24,850-26-4232,wriding1k@hugedomains.com,,2021-11-02,,
Dorena,Pretorius,1950-08-01,168-94-4091,dpretorius1l@java.com,2020-03-10,2021-10-29,,
Jordan,Milliken,1944-07-30,407-46-2300,jmilliken1m@hao123.com,,2021-10-26,,
Harriett,Loude,1983-12-12,873-10-3981,hloude1n@yahoo.co.jp,,2021-11-02,,
Jehanna,Saxton,1983-09-20,882-29-1867,jsaxton1o@about.com,,2021-10-31,,
Michaela,Secrett,2006-08-18,256-69-0190,msecrett1p@jalbum.net,,2021-11-03,,
Saudra,LLelweln,1964-07-20,876-72-0315,sllelweln1q@unesco.org,,2021-11-02,,2020-04-03
Urbano,Geekie,1956-10-23,370-88-8247,ugeekie1r@xinhuanet.com,,2021-11-04,,
Dwayne,Found,1962-01-10,587-21-0030,dfound1s@independent.co.uk,,2021-11-05,,
Chico,Raine,1959-03-10,872-54-9562,craine1t@wikispaces.com,,2021-10-28,,
Oriana,Dicte,1967-06-30,609-27-5710,odicte1u@google.ca,,2021-11-03,,
Trixie,Birdsall,1996-09-07,843-69-4758,tbirdsall1v@storify.com,,2021-11-03,,
Kalli,Dron,2003-01-09,843-48-0102,kdron1w@technorati.com,,2021-10-26,,2020-04-16
Red,Gartell,1958-03-22,464-46-0545,rgartell1x@google.com.hk,2021-07-15,2021-10-24,,
Sula,Soreau,1992-12-01,775-43-2020,ssoreau1y@google.de,,2021-11-05,,
Humfrey,Measor,1935-01-15,131-35-3237,hmeasor1z@tinypic.com,2021-06-20,2021-11-03,,
Emmalyn,Simes,1948-05-18,868-89-8957,esimes20@scribd.com,,2021-11-04,,2021-02-09
Gretel,Cutchie,2006-04-24,733-53-6152,gcutchie21@list-manage.com,,2021-11-03,,
Dominik,Cowndley,1976-01-05,455-89-4208,dcowndley22@abc.net.au,,2021-10-26,,
Lotte,Battersby,1960-01-23,435-02-8827,lbattersby23@flavors.me,,2021-10-29,,
Christiano,Warke,2006-11-18,112-74-8128,cwarke24@elegantthemes.com,,2021-10-27,,
Hetty,Paunsford,1973-05-17,319-04-7796,hpaunsford25@rediff.com,,2021-11-02,,
Giselbert,Luttgert,1975-03-31,763-14-8635,gluttgert26@booking.com,,2021-10-29,,
Laurella,Noyce,1942-06-08,652-62-1081,lnoyce27@unicef.org,,2021-10-25,,
Stanislaus,Wills,1945-08-27,824-18-4723,swills28@pcworld.com,,2021-11-05,,
Berri,Garner,1936-06-30,229-55-1320,bgarner29@bbb.org,,2021-10-29,,2020-11-20
Mela,Hellis,1961-04-25,859-32-2588,mhellis2a@tripod.com,,2021-10-28,,
Zarah,Fullstone,1996-11-02,890-65-3730,zfullstone2b@tmall.com,2021-06-26,2021-10-26,,
Prisca,Wilkerson,1962-04-20,519-16-2529,pwilkerson2c@china.com.cn,2021-03-18,2021-10-26,,
Tobye,Keith,1985-09-11,328-65-1234,tkeith2d@nationalgeographic.com,,2021-11-05,,
Gael,Cleynaert,1962-09-07,117-99-4708,gcleynaert2e@independent.co.uk,,2021-10-30,,2020-11-15
Hyman,Izen,1974-02-14,890-02-9209,hizen2f@woothemes.com,,2021-11-02,,
Vonny,Tolomei,1981-01-27,781-73-4287,vtolomei2g@github.io,,2021-11-04,,
Corbie,Mingaud,1949-05-06,123-95-0353,cmingaud2h@accuweather.com,,2021-10-29,,
Valina,Pietsma,2005-12-15,545-43-4920,vpietsma2i@weebly.com,,2021-11-04,,2020-01-26
Rowena,Muddimer,1957-06-30,737-66-7710,rmuddimer2j@abc.net.au,,2021-10-28,,
Rossy,Dashkovich,1973-12-31,658-23-8529,rdashkovich2k@slashdot.org,,2021-10-27,,
Debor,Puddan,1983-03-28,340-10-3870,dpuddan2l@cbc.ca,,2021-10-31,,
Heywood,Kernoghan,1938-11-04,472-93-6184,hkernoghan2m@goo.gl,2021-01-16,2021-05-10,2021-05-23,
Antone,Skin,1970-09-26,480-58-5923,askin2n@discovery.com,2020-01-16,2021-10-29,,2021-07-15
Isabel,Radeliffe,1992-07-08,203-03-1095,iradeliffe2o@360.cn,2020-02-28,2021-10-25,,2020-06-11
Johnette,Godding,1977-05-21,843-48-9674,jgodding2p@washingtonpost.com,,2021-10-27,,2020-08-30
Marilee,Kayzer,1984-07-10,235-12-6580,mkayzer2q@adobe.com,,2021-11-02,,
Chelsy,Chaff,1947-01-24,239-87-2484,cchaff2r@i2i.jp,,2021-10-26,,
Lainey,Acheson,1959-04-08,718-74-2739,lacheson2s@wp.com,,2021-11-03,,
Salvidor,Spadelli,1961-10-04,468-86-3015,sspadelli2t@patch.com,,2021-10-29,,2020-12-29
Ealasaid,Jeannesson,1960-09-16,483-84-0538,ejeannesson2u@canalblog.com,2020-12-03,2021-10-25,,
Alex,Rolles,1985-11-22,612-05-9700,arolles2v@canalblog.com,2020-07-30,2021-10-27,,
Alex,Bendig,2006-02-14,623-45-6767,abendig2w@blog.com,,2021-11-04,,
Hagen,Dedon,1963-03-24,401-31-3178,hdedon2x@zimbio.com,,2021-11-02,,
Kelbee,Gillott,1994-05-03,377-89-2989,kgillott2y@indiegogo.com,,2021-10-25,,
Nickolas,Ree,1937-09-07,248-59-1572,nree2z@netlog.com,,2021-10-24,,
Delilah,Tiler,1944-04-30,871-84-7598,dtiler30@jalbum.net,2020-07-12,2021-11-05,,2021-10-21
Tonya,Wann,2004-06-17,538-89-8310,twann31@ed.gov,,2021-10-26,,
Lane,Britner,1956-10-26,612-66-5216,lbritner32@cnet.com,,2021-10-31,,
Yasmeen,Poulsum,2004-09-14,531-76-7935,ypoulsum33@meetup.com,,2021-10-26,,
Torr,Riddick,1991-07-31,611-36-0200,triddick34@imageshack.us,,2021-10-28,,
Julian,Dwine,1941-08-31,575-79-5111,jdwine35@boston.com,,2021-10-29,,
Charlton,Hars,1944-08-31,787-84-6422,chars36@discovery.com,,2021-11-03,,
Cooper,Glisenan,1943-11-27,797-60-6462,cglisenan37@yandex.ru,,2021-10-28,,
Albert,Thick,1958-11-14,858-84-8635,athick38@bravesites.com,,2021-10-29,,2020-01-12
Banky,Stewart,1941-04-26,752-25-3758,bstewart39@wix.com,,2021-11-03,,
Jourdain,Kamiyama,1967-01-09,448-55-9920,jkamiyama3a@arstechnica.com,,2021-10-24,,
Cesaro,Cudbertson,1975-10-22,169-39-3125,ccudbertson3b@deliciousdays.com,2021-09-04,2021-11-04,,
Frederik,Verna,2002-12-14,165-94-6519,fverna3c@time.com,,2021-10-29,,
Kathlin,Thurner,1991-04-06,524-53-1829,kthurner3d@edublogs.org,2021-01-28,2021-10-27,,
Ainsley,Andraud,2000-02-26,252-10-0019,aandraud3e@tinypic.com,,2021-10-31,,
Terence,Stable,2005-05-18,297-14-4958,tstable3f@tamu.edu,2020-04-19,2021-10-24,,
Jefferey,Freckleton,1941-09-18,738-33-0412,jfreckleton3g@mapquest.com,,2021-10-24,,
Brok,Blakes,1940-07-08,446-98-7410,bblakes3h@shop-pro.jp,,2021-10-28,,
Darill,Guiduzzi,1947-07-07,520-46-2012,dguiduzzi3i@spotify.com,,2021-10-26,,
Dory,Elis,1937-12-26,727-31-8381,delis3j@cloudflare.com,,2021-10-25,,
Gail,Tripean,1981-03-01,755-98-0436,gtripean3k@tripod.com,,2021-10-31,,
Pincas,Brisard,1966-09-10,574-02-6220,pbrisard3l@exblog.jp,,2021-10-27,,2021-09-03
Willis,Trevarthen,1943-04-17,499-75-7247,wtrevarthen3m@plala.or.jp,,2021-10-27,,
Brendis,McKall,1939-11-19,288-95-8500,bmckall3n@ucoz.ru,,2021-10-27,,
Elton,Lilian,1957-05-01,865-38-4262,elilian3o@hubpages.com,,2021-10-31,,
Rodina,Feldklein,1958-05-19,390-89-0592,rfeldklein3p@wisc.edu,,2021-11-04,,
Rowland,Banke,1962-11-01,263-46-0402,rbanke3q@yolasite.com,,2021-10-27,,2020-12-12
Sonny,Beynon,1937-06-13,173-97-0427,sbeynon3r@g.co,,2021-10-26,,
Costanza,Crowhurst,1955-12-12,798-56-7435,ccrowhurst3s@msu.edu,,2021-11-03,,
Rosella,Domone,2005-02-19,584-08-7922,rdomone3t@wix.com,2021-01-09,2021-10-25,,
Nicoline,Rooksby,1936-02-14,136-73-6627,nrooksby3u@soup.io,,2021-10-26,,
Audrey,Crombleholme,1960-05-31,836-71-6251,acrombleholme3v@ning.com,,2021-10-27,,2021-05-31
Minnie,Castel,1949-05-13,111-69-0006,mcastel3w@angelfire.com,,2021-10-30,,
Beret,Ciraldo,1939-01-20,220-68-2671,bciraldo3x@howstuffworks.com,,2021-11-01,,2020-07-03
Donelle,Pell,1938-03-18,825-60-5526,dpell3y@rambler.ru,,2021-10-27,,
Saunders,Cripwell,1955-01-20,899-79-0328,scripwell3z@wired.com,,2021-10-28,,
Cody,Bande,1984-10-26,445-47-1836,cbande40@github.io,,2021-11-02,,
Kirbie,Chaytor,2003-04-08,115-04-3933,kchaytor41@live.com,,2021-10-30,,
Joshia,Sanday,1952-12-19,371-56-7259,jsanday42@statcounter.com,,2021-11-05,,2021-02-27
Bridgette,Rable,1985-04-28,802-16-1779,brable0@cbc.ca,2020-02-01,,,
Aurilia,Lavens,1982-09-09,530-06-2429,alavens1@devhub.com,2020-02-01,,,2020-09-01
Lusa,Oleszcuk,1959-01-19,806-06-9898,loleszcuk2@alexa.com,2020-07-08,,,
Jade,Gonnin,1946-11-09,804-32-1762,jgonnin3@loc.gov,2020-02-01,,,2021-05-09
Hamel,Sturman,1995-05-19,757-26-3364,hsturman4@mtv.com,2020-08-16,,,
Candra,Bowich,1988-10-05,449-06-9395,cbowich5@yahoo.com,2020-10-21,,,
Kay,Pezey,1976-10-18,408-13-3783,kpezey6@vkontakte.ru,2020-09-27,,,
Lauri,Cleyne,1940-01-22,805-88-1351,lcleyne7@ebay.com,,,,
Jamima,Brunskill,2005-05-06,758-59-6834,jbrunskill8@yolasite.com,2020-08-14,,,
Edwin,Presman,1941-06-29,587-31-4544,epresman9@plala.or.jp,,,,
Pierson,Marriott,1983-08-16,861-40-4098,pmarriotta@mozilla.com,2021-04-21,,,
Giselle,Ort,1965-10-20,131-91-8145,gortb@nps.gov,,,,
Phylis,Matthis,1989-10-26,696-11-4447,pmatthisc@bandcamp.com,,,,
Brandtr,Bardey,1991-09-19,515-50-4304,bbardeyd@sfgate.com,2020-11-02,,,
Zedekiah,Stansell,1978-11-04,205-90-9668,zstanselle@exblog.jp,2021-10-24,,,2021-01-19
Fidole,Smythin,1986-04-03,202-32-5661,fsmythinf@chron.com,2020-10-18,,,
Mireille,Matchitt,1987-06-08,299-77-0532,mmatchittg@canalblog.com,2021-10-17,,,
Marty,Quinion,1951-04-12,797-46-8745,mquinionh@com.com,2020-02-26,,,2021-02-16
Garner,Hurry,1970-08-24,415-64-5658,ghurryi@opensource.org,2021-06-03,,,
Ilene,Danielsen,1991-12-09,887-56-5495,idanielsenj@mediafire.com,2020-09-08,,,
Sayers,Yurasov,1988-11-02,192-59-0328,syurasovk@squarespace.com,2020-08-19,,,
Donnell,Fagg,2009-06-28,822-78-7390,dfaggl@webeden.co.uk,2020-09-29,,,
Kennedy,Fabbri,1962-06-07,698-90-3150,kfabbrim@cloudflare.com,2020-04-22,,,
Sharyl,De Gregoli,1999-01-29,313-76-3226,sdegregolin@cornell.edu,2020-02-06,,,
Bronny,Wessell,1969-08-30,681-39-7133,bwessello@reference.com,2021-10-12,,,
Rollin,Mash,2000-12-11,417-57-6932,rmashp@auda.org.au,2021-10-09,,,
Taryn,Ahearne,1993-11-28,473-49-0180,tahearneq@com.com,2020-07-19,,,
Aida,Downage,1937-06-20,438-12-8632,adownager@wufoo.com,2020-12-11,,,
Carling,Raggles,1954-08-30,615-55-6857,craggless@squarespace.com,2021-07-16,,,
Harriette,Pridding,2007-03-15,117-90-3874,hpriddingt@imdb.com,2020-09-02,,,2020-08-12
Oralle,Riceards,1961-04-07,357-60-9718,oriceardsu@aol.com,2020-02-26,,,
Odessa,Isles,1954-07-03,755-05-5455,oislesv@myspace.com,2020-08-21,,,
Deidre,Kilius,2007-02-04,853-35-8597,dkiliusw@biblegateway.com,2021-07-12,,,2021-10-03
Roxanne,Jerome,1982-05-19,526-81-6525,rjeromex@merriam-webster.com,2020-11-19,,,
Erma,Sonner,1963-04-22,818-08-5746,esonnery@usda.gov,2020-04-14,,,
Martita,Alenikov,1946-11-22,892-15-3972,malenikovz@vinaora.com,2021-10-22,,,2020-04-01
Kristoforo,Insworth,1994-04-04,301-41-1900,kinsworth10@marriott.com,2020-04-02,,,2021-05-13
Cathi,Spridgeon,1959-12-12,686-93-3949,cspridgeon11@google.nl,2021-08-08,,,
Danit,Westlake,2007-01-01,877-57-7802,dwestlake12@google.it,2020-02-08,,,2020-03-08
Caren,Dmych,1968-11-07,616-97-9379,cdmych13@mit.edu,2020-10-15,,,
Donica,Kwietak,1943-09-17,270-41-9079,dkwietak14@unesco.org,2021-03-09,,,
Seumas,Gascoine,1951-05-22,557-01-1929,sgascoine15@squidoo.com,2021-06-03,,,
Gretel,Gelly,1977-02-06,353-70-5176,ggelly16@xing.com,2021-05-04,,,
Janine,Bridgman,2006-06-28,148-64-1738,jbridgman17@ed.gov,2020-05-11,,,
Dorris,Mariolle,1979-01-06,265-43-2159,dmariolle18@oakley.com,2021-09-09,,,
Meryl,MacGilmartin,1970-10-09,203-33-2901,mmacgilmartin19@epa.gov,2020-06-23,,,
Garland,Winkell,1957-12-22,120-28-8728,gwinkell1a@nyu.edu,2021-10-10,,,
Pinchas,Darleston,1940-07-17,217-93-5481,pdarleston1b@ustream.tv,2021-10-19,,,
Geri,Abrashkov,1952-11-28,409-09-5722,gabrashkov1c@state.gov,2020-01-20,,,
Iormina,Yearby,1965-09-12,301-56-0235,iyearby1d@netscape.com,2021-09-25,,,
Estevan,Godsell,1985-06-05,715-84-3109,egodsell1e@constantcontact.com,,,,
Shaun,Juschka,1955-07-22,889-97-0230,sjuschka1f@apple.com,2020-08-28,,,
Bernadine,Rosewall,1995-10-04,203-14-7271,brosewall1g@yelp.com,2021-03-11,,,2020-11-30
Tedmund,Glencrash,1935-08-05,307-20-3732,tglencrash1h@xing.com,2020-12-13,,,
Roxane,Bettenay,1945-03-14,296-08-9593,rbettenay1i@hostgator.com,2020-07-26,,,2020-09-03
Fransisco,Rousell,1980-10-19,348-36-4277,frousell1j@edublogs.org,2020-07-16,,,2020-08-07
Manuel,Lakes,1975-01-28,397-39-2054,mlakes1k@miibeian.gov.cn,2020-09-30,,,
Diego,Pembridge,1961-05-18,355-87-3552,dpembridge1l@friendfeed.com,2020-05-09,,,
Brandyn,Letterick,1940-11-09,379-81-0142,bletterick1m@comcast.net,2020-04-25,,,
Jobyna,Surpliss,1990-08-03,368-25-5165,jsurpliss1n@aboutads.info,2021-05-01,,,
Lanie,Hemeret,1954-11-14,431-47-4904,lhemeret1o@fema.gov,2020-01-02,,,
Phyllida,Scholler,1954-07-09,885-19-6047,pscholler1p@diigo.com,2021-09-28,,,
Brok,Romi,1949-07-14,133-38-4818,bromi1q@dmoz.org,2020-06-19,,,
Malorie,Peers,1940-11-30,816-01-5977,mpeers1r@ask.com,,,,
Rickey,Youngs,1957-10-26,618-88-0293,ryoungs1s@networkadvertising.org,2020-03-12,,,
Valentina,Eickhoff,2004-09-28,693-79-8564,veickhoff1t@rambler.ru,2021-08-19,,,
Tabor,Somerfield,1995-04-02,772-96-9166,tsomerfield1u@latimes.com,2020-04-30,,,
Dewitt,Gueny,1975-11-06,102-64-0734,dgueny1v@privacy.gov.au,,,,
Shayna,Laydon,1991-08-24,344-87-1580,slaydon1w@instagram.com,2020-02-22,,,2021-01-14
Baldwin,Buret,2000-11-14,100-86-7698,bburet1x@boston.com,2020-07-05,,,
Remus,Ratnage,1939-10-21,102-84-2078,rratnage1y@hugedomains.com,2021-03-13,,,
Hussein,Kubes,1971-12-07,307-89-5459,hkubes1z@prweb.com,2021-06-21,,,
Olive,Kobera,1990-04-14,459-44-8754,okobera20@ameblo.jp,2021-04-03,,,
Lorne,Lodo,1949-12-31,359-68-2772,llodo21@unicef.org,2020-04-27,,,
Sauveur,Kellitt,1944-05-09,180-63-1121,skellitt22@topsy.com,2020-06-23,,,2021-02-22
Aleece,Busfield,1992-08-04,730-69-1841,abusfield23@upenn.edu,2020-12-30,,,
Lothario,Dunkerton,1956-07-30,887-95-1030,ldunkerton24@blogspot.com,2020-09-09,,,
Terry,Bulleyn,1967-05-04,814-53-2880,tbulleyn25@ezinearticles.com,2021-08-12,,,
Palm,Griffitt,2009-09-09,370-36-4014,pgriffitt26@webnode.com,,,,
Pet,Lope,1939-04-27,139-52-1772,plope27@alexa.com,,,,
Ray,Kingsnode,1956-05-28,874-95-2721,rkingsnode28@360.cn,2021-08-09,,,
Tally,Crowther,1979-09-01,848-53-3188,tcrowther29@sfgate.com,2021-03-16,,,
Emeline,Gearty,1941-12-17,852-93-8876,egearty2a@dion.ne.jp,2021-10-27,,,2021-05-06
Nicko,Ishak,1968-06-29,615-07-9379,nishak2b@storify.com,2020-11-06,,,
Lauren,Wannes,1948-05-12,655-14-7896,lwannes2c@state.tx.us,2020-02-02,,,
Charleen,Peplay,2005-02-22,305-58-3743,cpeplay2d@slideshare.net,,,,
Sharleen,Duce,2002-10-19,680-06-4352,sduce2e@printfriendly.com,2021-07-25,,,2020-09-25
Boonie,Monnelly,1987-09-03,631-75-4081,bmonnelly2f@noaa.gov,2020-08-23,,,
Rafaelita,Edland,1968-11-22,524-57-3567,redland2g@technorati.com,2021-05-28,,,2021-02-21
Jacquenette,Patman,1978-06-20,367-42-5798,jpatman2h@unblog.fr,2020-06-17,,,2020-09-29
Pierce,Carn,1979-08-23,375-98-8632,pcarn2i@webs.com,2020-12-25,,,
Lucila,Domenichelli,2000-09-20,232-69-8845,ldomenichelli2j@kickstarter.com,,,,
Marline,Nuzzetti,1990-09-24,108-31-3399,mnuzzetti2k@artisteer.com,2020-12-03,,,
Winnie,Semken,1967-05-15,641-54-9008,wsemken2l@chicagotribune.com,2021-05-12,,,
Carmelina,Glidden,1997-06-17,353-40-9416,cglidden2m@cbc.ca,2021-10-05,,,
Kirby,Blowfelde,1964-05-31,597-54-8388,kblowfelde2n@patch.com,2020-05-13,,,
Meris,Loveland,1942-03-18,253-97-4920,mloveland2o@yelp.com,2021-06-20,,,
Charmine,Bathurst,1999-08-12,852-44-7992,cbathurst2p@intel.com,2021-07-25,,,
Stormy,Kilgallon,1989-01-02,257-46-2296,skilgallon2q@un.org,2021-01-13,,,
Yulma,Woodsford,1950-08-19,820-22-4608,ywoodsford2r@google.ca,,,,
Robinet,Faulder,1986-06-16,279-54-6465,rfaulder2s@scientificamerican.com,2020-04-03,,,
Jordain,Glassard,1936-07-09,559-95-1616,jglassard2t@hao123.com,2020-09-14,,,2020-03-01
Brant,Urling,1971-12-04,846-99-7793,burling2u@google.co.jp,2020-12-11,,,
Yvor,Crosser,1937-04-12,487-94-2853,ycrosser2v@comsenz.com,,,,
Lynsey,Crowther,1982-02-21,850-59-1333,lcrowther2w@bloomberg.com,,,,
Raquel,Trevaskiss,1975-02-10,864-44-8680,rtrevaskiss2x@yellowpages.com,2021-01-07,,,
Lee,Dendon,1962-10-14,290-12-6469,ldendon2y@cbsnews.com,2020-06-14,,,2020-12-30
Kinnie,Whitrod,1971-05-08,750-99-5025,kwhitrod2z@comsenz.com,2021-07-27,,,
Alanna,Clifft,2001-12-24,258-26-5512,aclifft30@1und1.de,2020-08-04,,,
Bard,Lutman,1967-11-21,884-63-8575,blutman31@wikispaces.com,2021-02-25,,,
Madelyn,Biggen,1979-07-28,534-70-0642,mbiggen32@51.la,2021-03-17,,,
Verine,Dashwood,1980-01-10,257-66-5087,vdashwood33@auda.org.au,2021-09-27,,,
Mable,Desbrow,1951-08-18,557-97-1510,mdesbrow34@wisc.edu,2021-06-11,,,
Iago,Kelso,1946-03-30,739-62-9999,ikelso35@businesswire.com,2020-05-14,,,
Rici,Ridgewell,2007-12-02,719-37-0279,rridgewell36@nba.com,,,,
Samantha,Treacy,1984-02-09,178-89-2994,streacy37@imgur.com,2020-05-26,,,
Cari,Arnell,1962-06-06,548-64-7511,carnell38@usa.gov,2020-08-26,,,
Alisa,Weston,1964-11-08,285-39-1269,aweston39@yellowpages.com,2020-02-24,,,
Nicky,Mohan,1936-02-08,463-13-5771,nmohan3a@macromedia.com,2021-06-04,,,
Elnar,Sporton,1959-12-15,727-01-7700,esporton3b@digg.com,2020-06-12,,,
Janek,Kipling,2002-03-28,333-73-4318,jkipling3c@ucoz.com,2020-04-22,,,
Jarrad,Handrahan,1945-08-05,288-51-1109,jhandrahan3d@chicagotribune.com,2020-10-09,,,2021-02-05
Jarred,Ruos,1956-09-15,374-23-4754,jruos3e@illinois.edu,2020-07-01,,,
Alyce,Kleinschmidt,1996-05-31,585-47-7220,akleinschmidt3f@discovery.com,,,,2021-08-02
Shell,Rowberry,1997-10-21,561-70-5479,srowberry3g@gnu.org,2021-07-08,,,
Jayme,Broggio,1976-07-30,466-76-9397,jbroggio3h@ycombinator.com,2021-05-01,,,
Terry,Schelle,1972-12-02,615-97-4323,tschelle3i@godaddy.com,2020-10-29,,,
Maurine,Kitcherside,1976-12-09,882-94-3697,mkitcherside3j@unicef.org,2020-11-23,,,2020-08-06
Cirilo,Shottin,1960-10-25,518-50-5621,cshottin3k@ox.ac.uk,2020-11-28,,,
Palmer,Scarff,1982-10-17,428-10-1900,pscarff3l@seattletimes.com,,,,
Miner,Duckitt,1987-11-20,798-21-9228,mduckitt3m@ow.ly,2021-02-26,,,
Dew,Bulch,1938-11-29,845-10-0685,dbulch3n@hhs.gov,2021-01-31,,,
Clementina,Muirhead,1966-03-22,433-37-6717,cmuirhead3o@java.com,2021-03-06,,,
Chariot,Capelin,1977-05-31,674-22-9661,ccapelin3p@so-net.ne.jp,2021-08-23,,,
Tori,Arangy,1965-08-05,569-46-1788,tarangy3q@simplemachines.org,2020-01-26,,,
Elston,Parzizek,1979-06-20,374-12-7633,eparzizek3r@youtube.com,2020-09-28,,,
Harmon,Enochsson,1956-07-30,304-96-3163,henochsson3s@vkontakte.ru,2021-04-20,,,
Lizabeth,Normanell,1969-05-24,654-83-2533,lnormanell3t@rambler.ru,2020-03-24,,,
Mano,Baston,1980-04-04,458-15-3090,mbaston3u@princeton.edu,2020-11-18,,,
Gabe,Jennery,1959-06-03,550-68-2924,gjennery3v@dmoz.org,2020-03-30,,,
Maryl,Finlow,1997-08-29,249-84-4142,mfinlow3w@mozilla.org,2020-06-10,,,2021-08-03
Eldredge,Cummins,1970-05-11,497-82-5628,ecummins3x@infoseek.co.jp,2021-04-07,,,
Latrina,Mallett,1956-02-16,607-45-9684,lmallett3y@ning.com,2020-04-21,,,2020-02-15
Harriette,Casella,2005-12-11,400-09-9562,hcasella3z@samsung.com,2020-12-21,,,
Sunshine,Fiddy,1999-10-30,730-19-9138,sfiddy40@salon.com,2020-06-28,,,
Koenraad,Camillo,1968-08-03,749-24-4617,kcamillo41@networkadvertising.org,2020-11-15,,,
Lyon,Beeby,1958-07-31,577-55-3776,lbeeby42@indiatimes.com,2020-12-30,,,
Mario,Pyott,1977-11-03,407-37-2327,mpyott43@reuters.com,2020-09-20,,,
Dexter,Peplow,1935-12-01,429-14-7148,dpeplow44@surveymonkey.com,2021-03-24,,,
Arabela,Woolvin,1969-03-28,398-97-4976,awoolvin45@domainmarket.com,2020-07-23,,,
Elston,Lafayette,2005-05-05,814-17-7901,elafayette46@phpbb.com,2020-12-15,,,
Fin,Millhill,2000-09-29,308-13-4668,fmillhill47@bravesites.com,2021-10-20,,,
Cesar,Hellen,1994-01-10,314-93-5487,chellen48@bizjournals.com,2020-02-11,,,2021-09-04
Joshua,Arrundale,1971-06-11,706-75-6114,jarrundale49@ucoz.ru,2021-06-19,,,2020-10-02
Antons,Duly,1961-10-04,155-19-9723,aduly4a@fotki.com,2020-01-16,,,2020-07-03
Geri,Motion,1946-10-19,510-23-6876,gmotion4b@hubpages.com,,,,2021-03-05
Kit,Trigg,2006-06-12,250-97-5378,ktrigg4c@webmd.com,2021-10-17,,,
Dunc,Ingledow,1971-09-27,130-21-2055,dingledow4d@free.fr,,,,2020-10-30
Felicity,Geraldo,1980-08-02,182-43-3928,fgeraldo4e@freewebs.com,2021-01-10,,,2021-02-22
Corbet,Burgher,1990-07-01,891-87-8683,cburgher4f@wufoo.com,2020-02-03,,,2021-06-01
Tobie,Sprionghall,1973-06-03,230-91-2812,tsprionghall4g@discovery.com,2021-08-01,,,
Francesca,Ferraresi,1946-03-08,191-28-6486,fferraresi4h@geocities.com,2020-10-27,,,
Atalanta,Mellor,1965-10-03,709-73-8069,amellor4i@gnu.org,2020-02-10,,,
Eolanda,Bartolozzi,1991-01-15,649-32-8085,ebartolozzi4j@amazon.co.jp,2021-06-15,,,
Dasya,Gallehawk,1944-08-15,665-72-1624,dgallehawk4k@skype.com,2020-12-19,,,
Ann-marie,Cadamy,2008-04-07,134-03-1607,acadamy4l@ezinearticles.com,2021-09-13,,,
Gabriell,Quickfall,1990-07-20,390-12-1742,gquickfall4m@mtv.com,2020-10-11,,,2020-03-07
Fernando,Thomas,1966-11-16,207-48-8715,fthomas4n@theguardian.com,2021-05-16,,,2020-08-09
Anna,Duddan,1955-11-14,206-16-4893,aduddan4o@multiply.com,2021-04-12,,,
Kimberlee,Geane,2008-04-15,135-08-5970,kgeane4p@narod.ru,2020-11-30,,,
Aurore,Brogi,1967-07-03,853-15-1349,abrogi4q@irs.gov,2020-05-20,,,
Stella,Bielby,2008-01-16,321-54-8807,sbielby4r@independent.co.uk,2020-08-08,,,
Zelma,O' Kelleher,2006-11-17,739-79-8693,zokelleher4s@ocn.ne.jp,,,,2020-03-17
Tanner,McIlhagga,1944-01-31,899-85-5390,tmcilhagga4t@icio.us,2021-04-25,,,
Rycca,Stangroom,1987-02-07,623-88-1214,rstangroom4u@dailymotion.com,2020-05-16,,,
Sydel,Grinsted,1987-07-16,284-81-5190,sgrinsted4v@nih.gov,2020-10-13,,,
Curran,Hoogendorp,1997-01-15,725-76-8159,choogendorp4w@imgur.com,2020-12-11,,,
Alexis,Spyby,1979-04-04,446-45-6037,aspyby4x@virginia.edu,2021-05-20,,,
Urbano,Palk,1954-02-10,210-87-8555,upalk4y@goo.gl,2021-07-31,,,
Gale,Goulborne,1988-06-04,239-70-3298,ggoulborne4z@google.cn,2021-09-03,,,
Ottilie,Wey,1984-10-30,364-44-6321,owey50@cdc.gov,2020-11-23,,,2020-06-19
Adiana,Kornilov,1977-03-05,100-47-1616,akornilov51@freewebs.com,2021-10-11,,,
Shena,Farfull,1955-02-23,209-47-2531,sfarfull52@delicious.com,2020-09-30,,,
Alejandro,Latham,1980-04-18,717-62-8576,alatham53@nytimes.com,2021-07-11,,,2020-01-27
Antonino,Bolden,1946-10-11,246-40-6153,abolden54@gnu.org,2020-03-17,,,
Terrell,Klimsch,1969-08-01,613-90-2541,tklimsch55@uol.com.br,,,,2020-06-17
Kiel,Methley,2006-03-20,542-32-4107,kmethley56@blog.com,2021-05-13,,,
Adaline,MacCard,1982-03-17,849-05-8838,amaccard57@cpanel.net,2020-08-31,,,
Laurens,Cereceres,1957-06-14,794-84-3750,lcereceres58@cbc.ca,2020-07-14,,,
Lethia,Wakefield,1982-06-22,846-58-9626,lwakefield59@fastcompany.com,2021-03-24,,,
Karlis,Goadby,2006-12-19,307-26-5243,kgoadby5a@army.mil,2021-04-19,,,2020-01-05
Alyson,Neaves,1941-06-26,369-80-7715,aneaves5b@constantcontact.com,2021-01-14,,,
Kial,Alen,1999-06-05,343-55-9086,kalen5c@aol.com,,,,
Betteanne,Feake,1951-08-12,763-23-0071,bfeake5d@shop-pro.jp,,,,
Wayland,Esslemont,1961-07-26,404-01-6795,wesslemont5e@hugedomains.com,2020-01-18,,,
Kizzie,Shefton,1969-05-02,554-04-0194,kshefton5f@rediff.com,2021-04-29,,,
Verena,Duckham,1970-09-21,823-97-1719,vduckham5g@psu.edu,2021-09-27,,,
Catharine,McIlreavy,1988-08-02,566-45-7419,cmcilreavy5h@upenn.edu,2020-08-04,,,
Gwyn,Oldale,1939-01-11,636-67-7278,goldale5i@simplemachines.org,2020-02-10,,,
Trueman,Attarge,1997-05-20,482-06-9790,tattarge5j@princeton.edu,2021-03-05,,,
Durant,O'Kenny,2005-11-19,294-93-3412,dokenny5k@barnesandnoble.com,2021-01-08,,,
Frannie,Dundridge,1971-12-07,599-45-1582,fdundridge5l@nasa.gov,2021-08-14,,,
Rickert,Bruno,2002-11-04,672-94-4720,rbruno5m@edublogs.org,2020-04-07,,,2020-05-17
Dian,Fulstow,1965-04-26,172-48-2991,dfulstow5n@icq.com,2020-08-11,,,
Lilla,Drayson,1941-01-13,329-08-2313,ldrayson5o@accuweather.com,2020-06-14,,,
Morgen,Kinig,1947-08-12,775-91-3832,mkinig5p@marketwatch.com,,,,
Anitra,Kleinhaus,1963-06-30,391-16-8265,akleinhaus5q@multiply.com,2021-07-16,,,2020-01-20
Mallissa,Siddle,1973-10-30,396-90-4383,msiddle5r@shutterfly.com,,,,
Karlen,Goom,1983-02-18,305-26-8947,kgoom5s@state.gov,2020-03-03,,,
Cecilio,Kitchinghan,1960-02-08,665-75-3753,ckitchinghan5t@sbwire.com,,,,
Che,Aymes,1946-05-02,798-27-8075,caymes5u@pcworld.com,2021-01-13,,,2021-09-03
Clerkclaude,Macquire,2003-12-26,253-14-7917,cmacquire5v@kickstarter.com,2021-05-26,,,
Nance,Hattoe,1942-12-21,244-86-6622,nhattoe5w@51.la,2021-09-26,,,
Enrica,Avramov,1954-02-23,224-48-6954,eavramov5x@dmoz.org,,,,
Dougie,Andreev,1999-01-03,433-40-6985,dandreev5y@usa.gov,,,,
Quillan,Westmarland,2001-06-05,405-38-2203,qwestmarland5z@opera.com,2021-07-17,,,
Marietta,Piris,1992-04-30,398-04-8907,mpiris60@va.gov,2020-11-01,,,
Ardelia,Chelsom,2001-01-09,179-55-6694,achelsom61@samsung.com,2020-09-12,,,
Sondra,Chesterman,1951-12-27,133-59-4782,schesterman62@rakuten.co.jp,2021-05-09,,,
Ravid,Gilling,1988-11-22,133-58-8647,rgilling63@a8.net,2021-01-22,,,
Reginauld,Benger,1953-07-23,647-50-6674,rbenger64@netlog.com,2021-02-11,,,2020-02-07
Anatole,Bearcroft,2002-01-13,122-50-1980,abearcroft65@prlog.org,2020-06-28,,,
Broderick,Bowller,1990-01-07,879-76-1518,bbowller0@springer.com,,2020-01-11,2020-01-22,2020-01-22
Marci,Leahy,1988-03-15,328-45-6408,mleahy1@marketwatch.com,,2021-09-01,2021-09-11,2021-09-11
Nickola,Raistrick,1985-03-12,292-01-6385,nraistrick2@netscape.com,,2021-03-24,2021-04-05,2021-04-05
Zora,Pover,1967-07-20,561-87-6744,zpover3@smh.com.au,,2020-12-19,2020-12-30,2020-12-30
Kirk,Whittlesey,1953-07-15,656-54-3956,kwhittlesey4@devhub.com,,2021-10-09,2021-10-21,2021-10-21
Giusto,Zielinski,1967-11-30,377-48-3932,gzielinski5@auda.org.au,,2021-08-06,2021-08-16,2021-08-16
Mame,Gorce,1935-09-17,232-01-0450,mgorce6@mlb.com,,2020-04-06,2020-04-17,2020-04-17
Rollie,Boas,1999-06-21,369-55-8899,rboas7@yahoo.com,,2021-01-05,2021-01-16,2021-01-16
Yule,Corrado,1972-08-05,160-32-8757,ycorrado8@toplist.cz,,2021-10-10,2021-10-21,2021-10-21
Talya,Follet,1999-08-22,582-69-5443,tfollet9@acquirethisname.com,,2021-10-09,2021-10-22,2021-10-22
Andra,Daltry,1971-07-28,418-21-6133,adaltrya@quantcast.com,,2020-08-13,2020-08-24,2020-08-24
Gan,Giacobo,1936-10-19,763-30-5085,ggiacobob@reverbnation.com,,2020-05-06,2020-05-17,2020-05-17
Mufi,Shillan,1982-09-18,700-67-3043,mshillanc@ox.ac.uk,,2020-02-05,2020-02-18,2020-02-18
Ettie,Middlehurst,1963-05-28,632-62-4697,emiddlehurstd@craigslist.org,,2020-11-09,2020-11-23,2020-11-23
Dale,Strowthers,2003-08-23,189-69-6267,dstrowtherse@drupal.org,,2020-02-04,2020-02-17,2020-02-17
Osbourne,Gregoire,2006-10-18,693-60-5414,ogregoiref@tmall.com,,2021-06-05,2021-06-19,2021-06-19
Donna,Bakhrushin,2004-10-15,458-14-3279,dbakhrushing@army.mil,,2020-08-25,2020-09-05,2020-09-05
Cordy,Levett,1955-03-05,301-56-3910,clevetth@freewebs.com,,2020-11-13,2020-11-24,2020-11-24
Virgie,Goodie,1951-04-25,406-62-4549,vgoodiei@latimes.com,,2021-01-29,2021-02-11,2021-02-11
Imojean,Bottomer,1952-05-15,529-40-4428,ibottomerj@wikipedia.org,,2020-02-03,2020-02-13,2020-02-13
Sean,Beese,1958-04-16,482-74-6022,sbeesek@bigcartel.com,,2020-06-02,2020-06-13,2020-06-13
Deborah,Toping,1959-08-29,536-12-8946,dtopingl@springer.com,,2021-05-17,2021-05-27,2021-05-27
Antoine,Copperwaite,1986-06-28,833-52-0350,acopperwaitem@washingtonpost.com,,2020-12-07,2020-12-19,2020-12-19
Iver,Castelijn,1947-07-25,516-07-7783,icastelijnn@upenn.edu,,2020-11-19,2020-12-01,2020-12-01
Raffarty,Saurin,1956-10-21,253-88-4699,rsaurino@google.co.uk,,2021-02-24,2021-03-07,2021-03-07
Elisabeth,Kelberman,1944-07-07,443-38-2399,ekelbermanp@webmd.com,,2020-07-21,2020-08-04,2020-08-04
Noemi,Snar,1981-11-02,595-08-6899,nsnarq@amazon.de,,2020-03-16,2020-03-29,2020-03-29
Mac,Gaffey,1963-11-15,496-41-7548,mgaffeyr@bing.com,,2020-08-01,2020-08-15,2020-08-15
Nonnah,Scroyton,1936-06-13,704-50-1910,nscroytons@nifty.com,,2020-03-14,2020-03-25,2020-03-25
Dorena,Curtis,2004-06-15,389-84-7487,dcurtist@flavors.me,,2021-06-17,2021-06-29,2021-06-29
Brian,Chatwood,1947-11-04,109-46-9933,bchatwoodu@google.de,,2020-06-14,2020-06-27,2020-06-27
Etan,Top,1970-08-17,585-16-0216,etopv@latimes.com,,2020-10-23,2020-11-03,2020-11-03
Jonas,Alban,1989-05-22,743-08-8269,jalbanw@digg.com,,2021-02-17,2021-03-02,2021-03-02
Ciro,Sheber,1966-05-20,350-32-8791,csheber0@tiny.cc,2020-11-29,2020-10-16,2020-10-30,2021-04-27
Elliot,Monkley,1999-12-15,670-32-1213,emonkley2@example.com,2021-06-20,2020-10-07,2020-10-21,2021-01-30
Maurise,Fuzzard,2008-09-12,100-02-4359,mfuzzard3@canalblog.com,,2020-06-13,2020-06-27,2020-11-24
Beatriz,Barensen,1944-12-27,845-59-8548,bbarensen4@youtu.be,2021-10-20,2020-10-20,2020-11-03,2021-04-15
Patsy,Phillips,1948-08-06,770-47-0349,pphillips5@blog.com,2021-07-21,2021-02-24,2021-03-08,2021-06-16
Loree,McGinnis,1993-08-26,872-95-5007,lmcginnis6@princeton.edu,,2020-10-05,2020-10-17,2021-03-08
Kathryn,Spritt,1937-02-15,662-65-5818,kspritt7@unesco.org,2020-05-28,2021-03-14,2021-03-28,2021-08-29
Gauthier,Ludlam,1943-07-29,796-54-7377,gludlam8@reverbnation.com,2020-07-10,2020-12-06,2020-12-19,2021-03-31
Elli,Rosenbusch,1937-01-01,157-72-8966,erosenbusch9@omniture.com,,2020-05-02,2020-05-16,2020-09-24
Dasha,Tennick,1991-07-08,677-87-9840,dtennicka@wsj.com,,2020-09-19,2020-09-29,2020-09-30
Gerardo,Tybalt,1958-06-21,752-46-2508,gtybaltc@arizona.edu,2021-01-25,2020-04-02,2020-04-16,2020-05-15
Berrie,Matis,1946-10-05,710-14-7762,bmatise@techcrunch.com,2020-03-22,2020-01-05,2020-01-19,2020-02-18
Margeaux,Pilgram,1943-01-03,336-64-2757,mpilgramf@smh.com.au,2021-09-23,2020-12-14,2020-12-24,2021-01-15
Thane,Battey,1992-02-22,132-04-8292,tbatteyg@ox.ac.uk,2021-09-07,2021-04-09,2021-04-22,2021-08-09
Lorianne,Doughtery,1979-04-18,510-71-0840,ldoughteryh@tamu.edu,2021-04-23,2021-03-25,2021-04-04,2021-08-10
Felipe,Gillbard,1937-07-30,274-92-0562,fgillbardi@live.com,2021-05-18,2020-10-03,2020-10-13,2021-02-16
Lyon,Tripney,1946-10-21,412-80-6538,ltripneyj@google.com.au,2021-03-26,2020-05-30,2020-06-11,2020-12-05
Olwen,Chawner,1982-09-05,526-93-7504,ochawnerk@sina.com.cn,2020-05-21,2021-03-22,2021-04-01,2021-08-21
Lezlie,Drew-Clifton,1952-08-12,306-10-1101,ldrewcliftonl@google.com.br,2020-08-07,2021-08-06,2021-08-17,2021-09-29
Sterne,Strathman,1942-07-15,326-42-8374,sstrathmanm@nasa.gov,2020-02-19,2021-02-01,2021-02-11,2021-08-05
Marjorie,Astbery,1960-12-16,635-85-6718,mastberyn@discuz.net,2020-03-02,2020-04-21,2020-05-03,2020-08-27
Estrella,Puleque,1954-08-03,129-81-3887,epulequeo@imdb.com,2020-03-02,2020-12-06,2020-12-18,2021-05-22
Juliette,Compfort,1978-12-12,658-07-2839,jcompfortp@economist.com,2021-02-16,2021-01-08,2021-01-21,2021-03-21
Margaret,Sloy,1955-05-25,183-11-0276,msloyq@xrea.com,2020-08-13,2020-03-29,2020-04-12,2020-08-05
Norbert,Ruben,1947-03-20,788-72-3715,nrubenr@engadget.com,2020-07-17,2020-12-05,2020-12-15,2021-02-28
Artemas,Belfelt,1982-09-23,582-43-3392,abelfelts@ibm.com,2021-05-30,2020-04-01,2020-04-11,2020-07-10
Garv,Rivenzon,1970-12-13,752-88-8070,grivenzont@samsung.com,,2020-01-29,2020-02-09,2020-02-26
Zaria,Tibbles,1990-04-23,249-14-4825,ztibblesu@hc360.com,2020-01-28,2021-03-26,2021-04-05,2021-08-01
Brad,Bickardike,1967-05-05,325-14-6744,bbickardikev@tinyurl.com,2020-09-12,2020-09-22,2020-10-02,2021-01-28
Louisette,Rockall,1937-07-17,251-63-3822,lrockallw@phoca.cz,2020-09-14,2020-10-24,2020-11-04,2020-12-13
Lissy,Moncarr,1951-02-11,119-96-4342,lmoncarrx@facebook.com,2020-09-20,2020-03-23,2020-04-06,2020-08-01
Holly-anne,Drews,1988-01-23,605-83-1977,hdrewsz@g.co,2020-05-18,2021-05-11,2021-05-21,2021-05-28
Marney,Jarratt,1941-12-30,639-26-3382,mjarratt10@yale.edu,2020-12-22,2020-10-24,2020-11-05,2020-12-04
Horten,Fellowes,1980-12-05,837-16-3262,hfellowes11@sfgate.com,2020-05-04,2020-08-30,2020-09-13,2021-03-06
Gwenneth,Gouldsmith,1980-01-12,532-67-7926,ggouldsmith12@scribd.com,2021-01-01,2021-08-20,2021-09-01,2021-10-06
Lombard,Pudden,1966-10-02,844-43-4159,lpudden13@skype.com,2020-02-08,2020-12-01,2020-12-13,2021-01-31
Shandeigh,McPake,1957-09-29,687-34-2459,smcpake14@wordpress.org,2020-01-24,2021-07-14,2021-07-26,2021-08-08
Fabian,MacCombe,1959-02-13,450-80-8774,fmaccombe15@deviantart.com,2021-05-19,2020-10-20,2020-11-01,2020-11-29
Tobie,Layson,1959-03-02,475-68-9135,tlayson16@qq.com,2021-02-19,2021-05-16,2021-05-28,2021-07-10
Mylo,McCullock,1951-06-08,314-29-4477,mmccullock17@msu.edu,2020-03-24,2021-03-26,2021-04-08,2021-07-22
Koressa,Mabley,2005-04-25,788-70-7495,kmabley18@pbs.org,2020-08-28,2020-11-26,2020-12-10,2021-06-02
Luigi,Gabites,1942-04-18,653-32-6828,lgabites19@simplemachines.org,2021-09-02,2021-01-17,2021-01-27,2021-04-21
Rinaldo,Seilmann,2004-12-07,556-74-3504,rseilmann1a@diigo.com,2021-07-13,2020-02-20,2020-03-05,2020-06-22
Abbott,Standen,1981-12-11,883-70-9597,astanden1b@ox.ac.uk,2020-11-13,2021-06-14,2021-06-27,2021-07-30
Salomi,Huyge,2007-05-07,120-41-1940,shuyge1c@hud.gov,,2020-05-05,2020-05-18,2020-07-14
Aharon,Lambertazzi,1992-02-14,882-77-9386,alambertazzi1d@meetup.com,2021-04-15,2020-09-03,2020-09-13,2020-10-10
Dell,Dreher,1943-05-14,783-95-8899,ddreher1e@tumblr.com,2021-03-05,2020-08-08,2020-08-19,2020-09-06
Agatha,Thickin,1946-02-25,152-07-0847,athickin1f@gmpg.org,2021-04-27,2021-06-19,2021-07-02,2021-08-01
Kori,Solloway,1937-03-19,142-21-5679,ksolloway1g@ucoz.com,2021-04-04,2020-06-07,2020-06-18,2020-12-09
Misti,Craighead,1959-01-28,852-54-0915,mcraighead1h@google.nl,2020-07-25,2020-02-07,2020-02-20,2020-03-29
Chickie,Dixey,1955-11-20,640-04-0101,cdixey1i@qq.com,2020-04-05,2020-09-23,2020-10-03,2020-12-03
Janeta,Brown,1995-06-28,788-60-3456,jbrown1j@baidu.com,,2020-10-31,2020-11-13,2021-01-27
Tomas,Jeffryes,1952-06-09,450-69-2255,tjeffryes1k@shop-pro.jp,2020-10-10,2020-11-17,2020-11-27,2021-03-03
Benoit,Spenclay,1996-10-26,805-43-3044,bspenclay1l@cisco.com,2021-01-05,2021-02-04,2021-02-15,2021-04-09
Dino,MacArthur,1937-03-20,138-91-9685,dmacarthur1m@multiply.com,2021-03-08,2020-08-23,2020-09-06,2020-11-03
Marika,Poschel,1990-08-12,829-58-6879,mposchel1n@arstechnica.com,2021-03-06,2020-03-01,2020-03-15,2020-03-17
Grant,Matthis,1985-08-24,880-97-9195,gmatthis1o@goo.gl,,2020-08-30,2020-09-10,2021-02-28
Shel,Tuison,1968-01-31,536-18-2598,stuison1p@cmu.edu,2021-04-18,2021-01-04,2021-01-14,2021-06-12
Ewart,Dwyr,1994-07-22,350-29-6364,edwyr1q@feedburner.com,2020-01-19,2021-04-28,2021-05-12,2021-06-15
Adriaens,Richie,1991-09-26,388-92-9748,arichie1r@unblog.fr,2021-08-21,2020-03-19,2020-03-29,2020-05-06
Catherine,Chitson,1962-10-04,452-54-2507,cchitson1s@shutterfly.com,2020-03-08,2020-02-18,2020-03-02,2020-03-15
Clive,Chat,1988-04-23,792-91-5244,cchat1t@apache.org,2020-10-20,2020-11-20,2020-12-03,2021-04-21
Rebeka,Kenrick,1980-07-13,512-78-1465,rkenrick1u@comcast.net,2021-07-24,2020-05-07,2020-05-17,2020-09-03
Malanie,Stanyforth,1951-06-27,582-92-2710,mstanyforth1w@g.co,2020-12-31,2020-01-16,2020-01-26,2020-03-06
Jodie,Labram,1967-06-01,276-11-2283,jlabram1x@hhs.gov,2021-04-01,2020-06-01,2020-06-14,2020-06-21
Vic,Herreros,1989-02-14,274-51-3497,vherreros1y@seattletimes.com,2020-12-21,2021-01-24,2021-02-05,2021-05-05
Hal,Cuss,1994-04-21,255-07-4623,hcuss1z@digg.com,2021-09-24,2020-03-12,2020-03-26,2020-06-21
Ariela,Chazelas,1993-12-23,794-97-6001,achazelas20@last.fm,2021-05-15,2020-07-03,2020-07-17,2020-11-04
Jessy,Winterton,2000-05-03,738-27-6952,jwinterton21@stanford.edu,2020-02-28,2021-07-11,2021-07-25,2021-10-25
Aldus,Jankovsky,1983-09-29,147-29-0414,ajankovsky22@nationalgeographic.com,2020-01-02,2021-05-02,2021-05-12,2021-05-24
Lauralee,Whipple,1980-04-24,707-06-0716,lwhipple23@simplemachines.org,,2021-02-13,2021-02-26,2021-03-14
Maddalena,Nance,1993-12-26,405-99-7510,mnance24@nhs.uk,2020-01-02,2021-01-28,2021-02-10,2021-05-05
Winthrop,Champney,1954-03-15,680-56-8330,wchampney25@cloudflare.com,2020-05-26,2021-02-05,2021-02-17,2021-03-15
Kalinda,Carleton,1972-03-25,740-80-7109,kcarleton26@youku.com,2021-06-14,2020-05-11,2020-05-25,2020-05-28
Ody,Lethebridge,1962-06-01,185-16-9753,olethebridge27@gov.uk,2021-04-29,2020-09-30,2020-10-14,2021-02-18
Louie,Halston,1942-06-12,314-36-2855,lhalston28@wikipedia.org,2020-09-18,2020-12-23,2021-01-04,2021-06-24
Rodina,Abley,1971-11-17,822-48-0321,rabley29@mashable.com,2021-06-15,2020-07-10,2020-07-20,2021-01-11
Juliette,Burle,1995-05-09,129-54-2761,jburle2c@simplemachines.org,2020-04-04,2020-05-14,2020-05-27,2020-06-30
Marga,Ort,1968-11-11,129-52-5473,mort2d@latimes.com,2020-01-02,2021-06-14,2021-06-27,2021-09-22
Omar,Janes,1947-12-02,748-33-8279,ojanes2e@surveymonkey.com,,2021-03-08,2021-03-19,2021-08-01
Padriac,Melchior,2000-10-25,699-17-5016,pmelchior2f@upenn.edu,2020-11-23,2020-05-03,2020-05-17,2020-09-28
Natty,Laurisch,1935-06-11,453-14-6588,nlaurisch2h@ca.gov,2020-01-27,2020-09-16,2020-09-27,2021-03-07
Alfy,McKeever,1959-09-23,104-99-0566,amckeever2i@blogspot.com,2020-01-07,2020-02-05,2020-02-17,2020-07-20
Berton,McCraine,1950-04-25,486-36-0979,bmccraine2j@utexas.edu,2021-01-16,2021-05-20,2021-06-01,2021-10-20
Maiga,Ferriere,1989-08-21,826-68-4035,mferriere2k@youtube.com,2020-01-08,2020-10-04,2020-10-16,2021-01-24
Kerk,Annott,1977-08-17,245-83-6755,kannott2l@deviantart.com,2020-08-22,2020-02-19,2020-03-02,2020-07-22
Editha,Pohl,1974-06-01,604-81-5854,epohl2n@instagram.com,2020-12-31,2021-03-05,2021-03-18,2021-05-17
Clare,Pocock,1994-03-23,379-46-5993,cpocock2o@blog.com,2020-06-14,2020-02-21,2020-03-02,2020-08-17
Boothe,Warsap,1993-07-03,120-20-7797,bwarsap2p@printfriendly.com,2020-08-20,2021-05-11,2021-05-24,2021-05-25
Milt,Kunzler,1954-11-25,450-23-1936,mkunzler2q@narod.ru,2020-05-14,2020-12-24,2021-01-03,2021-03-21
Caspar,Edmenson,1962-09-05,554-35-9335,cedmenson2r@newyorker.com,2020-03-27,2020-05-20,2020-06-02,2020-08-30
Loralyn,Burfield,1988-02-11,826-04-0702,lburfield2s@purevolume.com,2020-02-16,2021-01-01,2021-01-14,2021-02-16
Hyatt,Kinnon,2002-05-10,594-67-1778,hkinnon2t@google.ru,,2021-03-09,2021-03-23,2021-04-11
Fitz,Glantz,1999-12-17,483-37-2322,fglantz2u@nps.gov,,2020-01-04,2020-01-14,2020-06-25
Gus,Terron,1979-11-15,498-17-3604,gterron2v@fda.gov,2020-01-11,2021-08-14,2021-08-28,2021-08-31
Amargo,Brindle,1940-05-12,121-18-6070,abrindle2w@cyberchimps.com,2020-07-22,2020-05-13,2020-05-24,2020-09-17
Ingamar,Sushams,1969-09-08,167-67-8458,isushams2x@cloudflare.com,2021-03-23,2020-07-09,2020-07-23,2020-08-18
Hy,Wace,1972-03-18,477-04-1213,hwace2y@discovery.com,2021-05-27,2020-10-12,2020-10-25,2021-02-01
Marietta,Marquiss,1996-09-24,437-01-8262,mmarquiss2z@earthlink.net,2020-05-18,2020-01-20,2020-02-01,2020-03-19
Merna,Fontel,1965-11-18,659-23-4780,mfontel32@go.com,2021-08-17,2020-12-16,2020-12-29,2021-02-14
Carole,Brownsey,1982-12-22,874-69-2962,cbrownsey33@zimbio.com,2020-01-07,2021-08-01,2021-08-12,2021-09-13
Carroll,Blackett,1937-07-29,262-97-7364,cblackett34@hao123.com,2021-02-01,2020-05-04,2020-05-15,2020-09-16
Woodman,Haggart,1970-06-05,705-66-1798,whaggart35@taobao.com,2020-05-20,2021-02-14,2021-02-28,2021-05-11
Wiatt,Bolduc,1988-06-06,340-01-5671,wbolduc36@umn.edu,2021-04-11,2021-03-15,2021-03-26,2021-06-14
Ulick,Fishleigh,1998-07-18,524-87-4910,ufishleigh37@tinypic.com,2020-02-12,2020-12-19,2020-12-29,2021-06-20
Eliza,Pedrazzi,1984-12-30,726-12-2365,epedrazzi38@upenn.edu,2021-01-16,2021-05-07,2021-05-20,2021-05-23
Panchito,Espinha,1970-12-28,269-76-1950,pespinha39@ucsd.edu,2021-11-05,2020-02-10,2020-02-24,2020-05-08
Worden,Astley,1976-10-30,765-77-3133,wastley3a@1688.com,2020-11-11,2020-07-02,2020-07-15,2020-11-28
Micheil,Reignard,1971-09-03,386-39-8315,mreignard3b@example.com,2020-10-09,2020-08-02,2020-08-15,2020-10-10
Maddy,Velte,1946-12-03,153-95-8977,mvelte3c@vk.com,2021-03-04,2020-04-28,2020-05-11,2020-08-08
Afton,Spottiswood,1939-01-14,843-40-4596,aspottiswood3d@army.mil,2021-04-27,2021-06-14,2021-06-24,2021-08-03
Wilton,Janaszewski,1942-01-10,589-08-7684,wjanaszewski3e@ca.gov,2021-01-10,2020-04-14,2020-04-27,2020-07-29
Elsey,Moylan,1992-07-07,241-40-8308,emoylan3f@twitpic.com,2021-04-16,2021-05-08,2021-05-22,2021-08-05
Zorana,Matthensen,1975-09-15,173-54-1434,zmatthensen3g@purevolume.com,2020-09-05,2020-02-03,2020-02-14,2020-03-24
Fae,Jeanesson,1954-08-14,508-91-2197,fjeanesson3i@is.gd,2021-03-01,2020-05-31,2020-06-12,2020-06-18
Mickie,Carpe,1959-05-07,877-72-7858,mcarpe3j@paypal.com,2021-02-03,2021-01-13,2021-01-26,2021-04-10
Hyman,Stuttard,1995-06-04,860-70-2582,hstuttard3k@bizjournals.com,2020-02-19,2020-07-16,2020-07-28,2020-09-18
Rozalie,Valois,1956-04-28,408-79-7269,rvalois3l@nyu.edu,2021-09-06,2021-03-22,2021-04-04,2021-08-04
Burk,Hallett,1937-05-16,381-73-3759,bhallett3m@chicagotribune.com,2020-09-11,2021-08-20,2021-08-31,2021-09-21
Jordain,Woodruffe,2009-05-03,850-30-9167,jwoodruffe3n@rambler.ru,2021-09-15,2020-10-03,2020-10-16,2021-01-06
Barnabe,Drake,1974-09-08,463-65-7062,bdrake3o@nsw.gov.au,,2020-12-06,2020-12-20,2021-01-29
Winna,Livett,1988-06-12,837-54-2100,wlivett3p@admin.ch,2021-05-13,2020-01-29,2020-02-11,2020-07-17
Jen,Cathcart,2009-02-12,843-13-9674,jcathcart3q@com.com,2020-06-24,2020-10-18,2020-10-29,2020-12-26
Allix,Canon,1938-05-15,270-52-2348,acanon3r@issuu.com,2020-06-30,2021-10-07,2021-10-17,2021-10-22
Rip,McFee,1958-11-30,453-40-1816,rmcfee3s@google.it,,2021-04-05,2021-04-15,2021-07-12
Lorne,McTerlagh,1951-12-02,696-56-9814,lmcterlagh3t@w3.org,,2021-06-20,2021-07-01,2021-07-15
Delphine,Cronin,1965-03-07,598-77-8084,dcronin3u@tumblr.com,2021-02-07,2021-05-17,2021-05-30,2021-09-17
Nico,Sheards,1978-12-12,445-78-8275,nsheards3w@ning.com,2020-01-30,2020-04-23,2020-05-07,2020-07-10
Ker,Winders,1991-02-06,197-60-4723,kwinders3x@alexa.com,2020-10-03,2020-01-31,2020-02-13,2020-07-12
Devland,Bilsford,1976-07-05,881-60-0510,dbilsford3y@bing.com,2020-04-04,2020-08-05,2020-08-19,2021-02-04
Lyndsey,Riepl,1944-08-03,281-86-0335,lriepl3z@technorati.com,,2020-12-27,2021-01-09,2021-03-19
Elie,MacTeague,1950-01-13,244-02-3457,emacteague40@tinyurl.com,2021-10-23,2021-06-30,2021-07-12,2021-10-12
Jordan,Tomasz,1964-09-17,421-77-1669,jtomasz41@wp.com,,2020-08-18,2020-09-01,2021-01-30
Nappy,Droogan,1976-03-03,407-96-3891,ndroogan42@icio.us,2020-01-14,2020-10-20,2020-10-30,2021-02-13
Trever,Magnay,1946-11-16,204-39-8806,tmagnay43@google.it,2021-10-23,2020-11-19,2020-12-02,2021-05-11
Kathrine,Eger,1950-06-29,489-23-0489,keger45@google.com.br,2020-07-01,2021-04-10,2021-04-24,2021-07-16
Freddy,Shadfourth,1964-07-20,512-96-9028,fshadfourth46@unblog.fr,,2020-02-24,2020-03-06,2020-07-02
Neddie,Jedrzej,1973-11-16,448-89-9104,njedrzej47@aboutads.info,2021-01-27,2020-10-02,2020-10-13,2021-01-01
Lucilia,Ledford,1955-06-19,741-64-6259,lledford48@booking.com,2021-09-11,2020-02-17,2020-02-29,2020-06-16
Cory,Greenhow,1988-10-14,670-24-0068,cgreenhow49@paypal.com,2020-09-13,2021-07-10,2021-07-21,2021-07-24
Zed,Morat,1937-09-02,108-59-1880,zmorat4a@prweb.com,2021-08-27,2020-04-04,2020-04-17,2020-09-05
Floria,Savary,1981-05-30,274-84-1647,fsavary4b@nasa.gov,2021-10-18,2020-01-06,2020-01-20,2020-06-08
Wandie,Trainor,1952-02-05,868-26-1626,wtrainor4c@go.com,2020-01-11,2021-01-30,2021-02-09,2021-06-23
Wally,Menichi,1948-05-14,364-10-5702,wmenichi4d@oaic.gov.au,2021-10-08,2020-07-18,2020-07-28,2020-12-19
Amata,Towse,1986-07-25,634-14-3913,atowse4e@ning.com,2021-10-20,2021-01-21,2021-02-02,2021-03-19
Hebert,Mathevon,1966-11-08,891-07-9320,hmathevon4f@merriam-webster.com,2021-10-31,2021-02-01,2021-02-15,2021-07-29
Camille,Chitham,1950-06-16,458-06-0517,cchitham4h@instagram.com,2020-01-12,2021-06-22,2021-07-06,2021-09-15
Candis,Gainsborough,1963-11-18,151-32-4162,cgainsborough4i@umich.edu,2020-06-08,2020-11-18,2020-11-29,2021-04-30
Dyann,Askell,1948-03-14,624-93-4829,daskell4k@uiuc.edu,2020-08-02,2020-03-03,2020-03-16,2020-06-18
Free,Daber,1963-02-05,727-95-5999,fdaber4l@army.mil,2020-10-29,2020-12-30,2021-01-12,2021-05-26
Helaina,Attwooll,1989-04-18,566-68-2772,hattwooll4m@people.com.cn,2020-10-27,2021-01-04,2021-01-16,2021-02-15
Inga,Staining,1972-01-05,746-94-2219,istaining4n@salon.com,2021-10-17,2021-02-27,2021-03-09,2021-08-10
Alexandros,Layson,1993-05-23,863-20-8199,alayson4q@scribd.com,,2020-03-13,2020-03-24,2020-08-04
Elfrieda,Taverner,2002-05-09,381-56-1864,etaverner4r@printfriendly.com,2020-10-23,2020-03-08,2020-03-20,2020-05-24
Ingrim,Timmis,1978-09-24,499-16-3465,itimmis4s@deliciousdays.com,,2020-03-29,2020-04-10,2020-06-11
Arlin,Blune,1945-06-22,222-55-3423,ablune4t@yellowpages.com,2020-03-16,2020-05-20,2020-06-03,2020-07-11
Ruperto,Hetterich,1988-07-31,876-72-4080,rhetterich4u@godaddy.com,2020-01-08,2020-09-04,2020-09-16,2020-12-29
Devlen,Pargiter,1953-09-19,726-67-2738,dpargiter4v@hao123.com,2021-03-16,2020-01-24,2020-02-05,2020-06-30
Allegra,Blaise,1960-11-28,759-45-2002,ablaise4w@dion.ne.jp,2021-08-11,2021-06-15,2021-06-25,2021-08-25
Kathlin,Walkington,1961-12-27,385-55-1235,kwalkington4x@irs.gov,,2020-05-20,2020-05-30,2020-08-31
Katrinka,Moorcroft,1962-02-21,337-66-6039,kmoorcroft4y@samsung.com,2020-02-02,2020-09-18,2020-09-30,2021-01-09
Rutherford,Keynd,2007-12-23,874-85-9829,rkeynd4z@altervista.org,,2020-08-04,2020-08-18,2020-12-11
Cherye,Bridson,1942-12-21,262-81-3159,cbridson50@mit.edu,2021-04-11,2021-01-31,2021-02-10,2021-04-01
Elenore,Rickertsen,2009-07-14,594-04-0974,erickertsen51@msn.com,2020-09-06,2020-07-17,2020-07-30,2020-10-10
Roy,Humpherson,2004-08-25,493-99-1659,rhumpherson52@i2i.jp,2021-06-19,2021-03-08,2021-03-22,2021-05-07
Myrna,Plant,1941-11-30,528-27-7274,mplant53@berkeley.edu,2021-10-22,2020-09-07,2020-09-21,2020-12-04
Fayth,Feben,1956-04-18,583-56-2674,ffeben55@sitemeter.com,2021-03-18,2021-01-08,2021-01-21,2021-02-18
Cedric,Girauld,1986-04-16,836-85-8585,cgirauld56@php.net,2021-05-15,2020-10-19,2020-11-02,2021-02-15
Adrea,Wake,2001-08-21,470-37-4171,awake57@topsy.com,2020-11-29,2021-01-12,2021-01-25,2021-06-15
Gerri,Baitey,1985-06-17,264-07-3168,gbaitey58@latimes.com,2020-07-03,2021-06-08,2021-06-19,2021-07-20
Thorstein,Work,1992-04-23,813-78-4680,twork59@springer.com,,2020-10-30,2020-11-09,2020-11-13
Kristy,Luno,1966-11-12,699-37-9292,kluno5a@aboutads.info,2021-03-25,2020-05-31,2020-06-11,2020-06-16
Bruno,Yourell,2008-04-02,455-32-1512,byourell5b@reddit.com,2021-01-04,2020-02-02,2020-02-16,2020-07-11
Tremaine,Jansey,1992-12-28,410-75-9515,tjansey5c@scientificamerican.com,,2020-05-10,2020-05-23,2020-05-24
Melesa,Tremathack,1965-05-09,271-28-3973,mtremathack5d@linkedin.com,2020-03-23,2020-09-24,2020-10-05,2020-12-31
Adler,Eastman,2007-04-28,578-11-0631,aeastman5e@columbia.edu,,2020-12-21,2021-01-02,2021-04-05
Simonette,Warren,1940-07-22,857-65-7838,swarren5f@etsy.com,2021-10-24,2020-08-22,2020-09-03,2021-01-05
Nikki,Biskupiak,1958-10-03,831-64-9376,nbiskupiak5g@mysql.com,2020-12-14,2020-10-25,2020-11-07,2021-02-20
Wileen,Gabbott,1957-02-02,400-25-0077,wgabbott5h@europa.eu,2021-10-03,2021-05-28,2021-06-07,2021-09-02
Edna,Culshaw,1985-12-18,801-22-9834,eculshaw5i@spiegel.de,2020-02-02,2021-03-22,2021-04-04,2021-05-18
Cristabel,Cusack,2005-11-11,842-65-8070,ccusack5j@nationalgeographic.com,2020-01-01,2021-03-29,2021-04-11,2021-05-07
Raddy,Banghe,1966-10-26,133-63-7037,rbanghe5k@stumbleupon.com,2020-10-03,2021-05-25,2021-06-07,2021-07-22
Sofia,Shimmin,1974-04-14,325-76-1109,sshimmin5n@oracle.com,2020-10-31,2020-04-15,2020-04-26,2020-08-28
Avictor,Spybey,2005-02-06,489-25-1162,aspybey0@jimdo.com,2020-06-25,2021-06-23,2021-07-04,2021-07-04
Powell,Roz,1945-05-06,149-19-2607,proz1@merriam-webster.com,2020-12-19,2021-09-20,2021-09-30,2021-09-30
Sari,Faill,1998-07-23,277-12-9003,sfaill2@columbia.edu,2020-11-25,2020-06-22,2020-07-03,2020-07-03
Elbertina,Bucklee,1983-07-06,634-02-0278,ebucklee3@phpbb.com,2020-08-06,2020-10-08,2020-10-19,2020-10-19
Kristos,Leakner,1959-05-14,188-64-5483,kleakner4@gizmodo.com,2020-01-01,2021-02-17,2021-03-01,2021-03-01
Meridith,Stacy,1938-08-14,508-98-3701,mstacy5@wikimedia.org,2021-03-08,2020-02-16,2020-02-26,2020-02-26
Padriac,Licciardo,1970-03-31,206-69-8737,plicciardo6@mozilla.com,2020-04-08,2021-02-06,2021-02-18,2021-02-18
Mikkel,Moss,2009-07-18,466-52-1390,mmoss7@samsung.com,2020-09-12,2020-08-16,2020-08-30,2020-08-30
Bill,Rolinson,1955-03-24,150-43-0164,brolinson8@cdc.gov,2021-01-08,2020-07-17,2020-07-29,2020-07-29
Ophelie,Mooney,2000-03-03,386-61-4163,omooney9@hatena.ne.jp,2020-12-07,2021-05-30,2021-06-13,2021-06-13
Wendi,Louch,1964-03-29,185-09-3206,wloucha@nifty.com,2020-09-06,2020-10-29,2020-11-12,2020-11-12
Victoria,Bruyns,1946-02-23,601-19-9870,vbruynsb@barnesandnoble.com,2020-04-11,2020-03-27,2020-04-06,2020-04-06
Stephanie,Paslow,2007-09-29,344-85-1305,spaslowc@ucoz.ru,2020-02-14,2021-05-07,2021-05-19,2021-05-19
Renato,Galliver,2000-03-06,458-30-4344,rgalliverd@sun.com,2020-04-11,2021-08-06,2021-08-17,2021-08-17
Gabriell,Geldert,1987-08-11,648-95-6168,ggelderte@blogtalkradio.com,2020-11-21,2021-01-15,2021-01-26,2021-01-26
Jodie,Giraldon,1944-04-08,288-12-4292,jgiraldong@nbcnews.com,2021-01-12,2021-01-19,2021-02-01,2021-02-01
Arley,Dollman,1988-05-09,811-94-9758,adollmanh@elegantthemes.com,2020-02-05,2021-07-01,2021-07-11,2021-07-11
Becka,Schlagman,1984-03-31,314-44-6548,bschlagmani@yandex.ru,2020-05-01,2020-07-18,2020-07-31,2020-07-31
Nobe,Gabitis,1965-12-26,343-26-2432,ngabitisk@engadget.com,2020-05-22,2021-05-14,2021-05-26,2021-05-26
Yolanthe,Joyner,1997-10-02,837-10-7715,yjoynerl@howstuffworks.com,2020-11-04,2021-08-07,2021-08-19,2021-08-19
Merle,Holme,1956-11-19,438-90-6416,mholmem@wufoo.com,2021-04-19,2020-12-19,2020-12-30,2020-12-30
Tades,Belamy,1955-08-30,323-53-1755,tbelamyn@sourceforge.net,2021-04-03,2021-06-27,2021-07-11,2021-07-11
Candie,Almeida,1950-12-05,555-96-8379,calmeidao@ezinearticles.com,2020-10-24,2021-05-23,2021-06-03,2021-06-03
Donnie,Swash,1941-05-06,303-18-2227,dswashp@chron.com,2021-04-23,2020-11-27,2020-12-10,2020-12-10
Shannen,Prudence,1965-07-07,812-85-3065,sprudenceq@indiegogo.com,2020-04-18,2020-07-08,2020-07-18,2020-07-18
Korrie,Puddifer,1997-04-02,796-48-4725,kpuddiferr@berkeley.edu,2020-09-04,2020-10-23,2020-11-03,2020-11-03
Zelig,Vockins,1943-08-09,556-80-9880,zvockinss@com.com,2020-03-04,2021-04-17,2021-04-30,2021-04-30
Janelle,Mussettini,1974-03-12,530-67-8054,jmussettinit@creativecommons.org,2020-09-04,2020-11-15,2020-11-27,2020-11-27
Ewart,Cornillot,1970-12-10,892-77-6424,ecornillotu@woothemes.com,2021-05-18,2021-02-17,2021-03-01,2021-03-01
Dita,Challace,1993-03-15,288-46-8167,dchallacev@utexas.edu,2020-12-16,2021-05-29,2021-06-12,2021-06-12
Theressa,Bambrugh,1942-05-11,115-88-3968,tbambrughw@answers.com,2020-05-16,2021-05-30,2021-06-13,2021-06-13
Tobe,Summergill,2005-08-31,425-56-9180,tsummergillx@canalblog.com,2020-08-29,2020-02-22,2020-03-04,2020-03-04
Conrado,Chastelain,1945-03-19,273-90-2415,cchastelainy@twitter.com,2021-02-25,2021-01-29,2021-02-12,2021-02-12
Sonnie,Martelet,1972-08-02,554-27-5714,smarteletz@wix.com,2020-12-28,2020-03-12,2020-03-24,2020-03-24
Kassi,Edgeon,2009-07-30,397-23-6248,kedgeon10@shareasale.com,2020-06-17,2020-10-28,2020-11-11,2020-11-11
Diane,Beeswing,1964-01-01,824-89-9462,dbeeswing12@histats.com,2020-12-11,2021-09-09,2021-09-20,2021-09-20
Bernardo,O' Finan,2003-12-12,888-97-4459,bofinan13@mozilla.org,2021-06-29,2020-11-23,2020-12-03,2020-12-03
Eileen,Vennings,1959-02-19,282-56-5584,evennings14@joomla.org,2021-03-31,2021-08-13,2021-08-27,2021-08-27
Matthieu,Carillo,1945-10-26,804-58-3741,mcarillo15@vistaprint.com,2021-01-25,2021-07-29,2021-08-12,2021-08-12
Antoine,Gelderd,1998-02-01,728-23-7144,agelderd16@nasa.gov,2021-02-13,2020-01-17,2020-01-28,2020-01-28
Ole,Dukesbury,1941-02-23,418-28-5394,odukesbury17@yolasite.com,2021-05-11,2020-12-01,2020-12-13,2020-12-13
Cecile,Pidgin,1999-07-25,379-43-3796,cpidgin18@ted.com,2020-01-31,2020-01-17,2020-01-27,2020-01-27
Sherwood,Simons,2003-11-06,880-62-4082,ssimons19@photobucket.com,2020-03-24,2020-12-30,2021-01-13,2021-01-13
Freeman,Warrell,1950-01-20,745-52-7451,fwarrell1a@technorati.com,2021-09-05,2020-07-07,2020-07-20,2020-07-20
Wally,Josefowicz,1981-02-03,356-92-0595,wjosefowicz1b@prlog.org,2021-01-05,2020-08-20,2020-09-01,2020-09-01
Eden,Bromwich,1994-02-03,627-92-5513,ebromwich1c@irs.gov,2020-02-19,2020-03-13,2020-03-27,2020-03-27
Laryssa,Summerson,1946-10-10,667-90-8784,lsummerson1d@nature.com,2021-06-16,2021-06-19,2021-06-29,2021-06-29
Clair,Gatty,1979-06-07,537-69-2715,cgatty1e@exblog.jp,2020-05-10,2020-04-20,2020-05-02,2020-05-02
Buck,Pomphrett,1992-03-04,114-75-7224,bpomphrett1f@yelp.com,2021-01-21,2020-12-14,2020-12-26,2020-12-26
Kalie,Hamlen,1999-06-26,468-74-6339,khamlen1g@live.com,2021-08-06,2021-10-04,2021-10-16,2021-10-16
Elmer,Donhardt,1968-04-17,168-77-7080,edonhardt1h@ocn.ne.jp,2020-03-18,2020-03-30,2020-04-10,2020-04-10
Josefina,Liversedge,1991-01-09,151-35-2855,jliversedge1i@mozilla.org,2020-12-26,2021-01-31,2021-02-13,2021-02-13
Pansie,Cawdell,1975-05-17,298-99-4565,pcawdell1j@reverbnation.com,2020-05-07,2021-09-17,2021-09-30,2021-09-30
Jabez,Huncoot,1952-08-02,294-14-7924,jhuncoot1k@hugedomains.com,2021-09-25,2021-02-18,2021-03-03,2021-03-03
Colin,Handrok,1979-03-17,120-64-2686,chandrok1l@sogou.com,2020-11-16,2020-05-18,2020-05-30,2020-05-30
Perl,Belford,1980-07-29,615-62-4306,pbelford1m@tripadvisor.com,2020-03-08,2020-07-01,2020-07-14,2020-07-14
Granville,Cormode,1969-07-27,279-24-9354,gcormode1n@businessinsider.com,2020-03-07,2021-09-18,2021-09-30,2021-09-30
Lowell,Stanesby,1936-12-13,140-46-6464,lstanesby1o@blogger.com,2021-08-02,2020-04-08,2020-04-20,2020-04-20
Kare,Maryet,1989-12-30,325-61-4311,kmaryet1p@goo.ne.jp,2020-06-21,2021-09-14,2021-09-24,2021-09-24
Ladonna,Tison,1938-08-29,686-89-6760,ltison1q@vimeo.com,2021-02-16,2021-04-07,2021-04-17,2021-04-17
Gena,Trudgian,1984-06-14,316-76-0397,gtrudgian1r@disqus.com,2021-09-15,2021-07-10,2021-07-21,2021-07-21
Elenore,Lambillion,1990-10-12,338-47-5341,elambillion1s@sina.com.cn,2021-03-01,2020-04-13,2020-04-24,2020-04-24
Terence,Beilby,1961-01-05,817-18-9542,tbeilby1u@yolasite.com,2021-05-02,2021-03-13,2021-03-26,2021-03-26
Charmion,Mayou,1980-05-04,758-68-0395,cmayou1v@webs.com,2020-09-07,2021-02-22,2021-03-05,2021-03-05
Douglass,Oseland,1947-02-25,612-44-8488,doseland1w@wix.com,2021-02-26,2020-07-26,2020-08-05,2020-08-05
Carolann,Neasam,1995-08-13,262-26-2072,cneasam1x@163.com,2020-07-14,2021-07-18,2021-07-29,2021-07-29
Patty,Jachtym,1952-12-18,761-65-8327,pjachtym1y@booking.com,2021-08-16,2021-07-27,2021-08-07,2021-08-07
Conni,Zebedee,1976-12-04,331-13-9912,czebedee1z@imageshack.us,2020-12-20,2020-03-13,2020-03-27,2020-03-27
Nev,Gameson,1951-03-08,730-56-3836,ngameson20@google.co.jp,2020-06-03,2021-09-28,2021-10-08,2021-10-08
Hamid,Barts,1952-02-09,232-38-4401,hbarts21@freewebs.com,2020-03-23,2020-01-31,2020-02-12,2020-02-12
Lucy,Hubbucks,1992-07-16,765-27-2928,lhubbucks22@uol.com.br,2021-07-17,2020-02-17,2020-02-27,2020-02-27
Lorena,Triggle,1986-01-09,600-78-2924,ltriggle23@wikimedia.org,2020-11-24,2021-01-17,2021-01-28,2021-01-28
Latashia,Meldrum,1964-01-19,283-12-6423,lmeldrum24@accuweather.com,2021-08-16,2020-04-22,2020-05-04,2020-05-04
Enrica,Lalor,1960-08-30,361-94-7646,elalor25@google.co.uk,2021-04-04,2020-09-10,2020-09-21,2020-09-21
Matilde,Edlestone,1989-02-16,642-85-5969,medlestone26@soup.io,2021-02-01,2021-03-17,2021-03-31,2021-03-31
Kalila,Rofe,1988-01-01,866-65-3018,krofe27@linkedin.com,2021-05-20,2020-08-25,2020-09-04,2020-09-04
Micky,McKeighan,1978-03-12,831-17-0312,mmckeighan28@symantec.com,2021-02-15,2020-04-08,2020-04-18,2020-04-18
Mandie,Lygo,1941-05-07,505-38-6693,mlygo29@prlog.org,2020-06-07,2021-03-06,2021-03-20,2021-03-20
Marje,Hubback,1951-05-02,844-18-5924,mhubback2a@wikimedia.org,2021-07-04,2021-07-17,2021-07-31,2021-07-31
Anette,Tookey,1944-08-15,620-81-1348,atookey2b@narod.ru,2021-04-16,2020-06-21,2020-07-05,2020-07-05
Constantin,Chill,1981-08-16,894-93-7390,cchill2c@ted.com,2021-10-10,2020-12-17,2020-12-30,2020-12-30
Kermit,Piotrowski,1936-08-06,546-28-1079,kpiotrowski2d@nasa.gov,2021-09-29,2021-09-10,2021-09-22,2021-09-22
Berkeley,Hounihan,1956-08-07,320-42-6326,bhounihan2e@marriott.com,2021-11-03,2020-08-17,2020-08-31,2020-08-31
Silva,Blasing,1986-02-19,632-23-9119,sblasing2f@goo.gl,2020-12-25,2020-10-14,2020-10-26,2020-10-26
Larine,Broy,1995-07-02,415-89-4594,lbroy2g@tamu.edu,2021-04-25,2020-11-17,2020-11-27,2020-11-27
Janeta,Lauxmann,1968-08-06,208-05-0783,jlauxmann2h@hugedomains.com,2020-06-10,2020-05-05,2020-05-15,2020-05-15
Fowler,Wellum,1991-04-29,457-99-0587,fwellum2i@histats.com,2021-07-29,2020-07-15,2020-07-29,2020-07-29
Blinnie,McIndoe,1938-03-07,655-76-7638,bmcindoe2j@hugedomains.com,2020-05-11,2021-06-24,2021-07-08,2021-07-08
Gallard,Southcott,2006-06-07,825-37-4862,gsouthcott2k@pinterest.com,2020-07-25,2020-06-29,2020-07-10,2020-07-10
Miran,Comport,1977-11-05,683-56-0849,mcomport2l@arstechnica.com,2020-06-26,2021-08-06,2021-08-20,2021-08-20
Inna,Zouch,1965-09-11,781-86-0762,izouch2m@constantcontact.com,2020-04-06,2021-02-10,2021-02-23,2021-02-23
Alameda,Lewin,1998-07-03,414-10-5359,alewin2n@discovery.com,2020-04-06,2021-04-13,2021-04-27,2021-04-27
Janice,Guyan,1996-04-22,859-93-0996,jguyan2p@alibaba.com,2020-07-24,2020-02-15,2020-02-28,2020-02-28
Theobald,Stammirs,2002-09-14,221-96-9286,tstammirs2q@dropbox.com,2020-07-07,2021-10-12,2021-10-25,2021-10-25
Devlen,Pawlik,1999-01-15,828-69-2697,dpawlik2r@nasa.gov,2020-09-18,2021-07-12,2021-07-22,2021-07-22
Eddi,Slowly,1983-06-03,120-55-3937,eslowly2s@homestead.com,2021-08-01,2021-05-19,2021-05-29,2021-05-29
Westbrooke,Malbon,1969-01-23,259-47-6285,wmalbon2t@photobucket.com,2020-11-30,2020-02-14,2020-02-24,2020-02-24
Nalani,Kincla,1992-05-08,502-10-9510,nkincla2u@gizmodo.com,2021-02-15,2020-05-23,2020-06-05,2020-06-05
Kelcey,Danilchik,1969-06-15,449-63-6839,kdanilchik2v@comsenz.com,2021-02-03,2020-08-02,2020-08-12,2020-08-12
Tricia,Lethebridge,1984-10-02,875-41-9717,tlethebridge2w@hao123.com,2021-07-21,2020-10-18,2020-10-29,2020-10-29
Tyrus,Palfery,1990-12-07,846-87-4482,tpalfery2x@github.com,2021-02-04,2020-12-26,2021-01-09,2021-01-09
Isis,Yeardsley,1937-05-21,483-11-7683,iyeardsley2y@cam.ac.uk,2021-04-28,2021-09-29,2021-10-12,2021-10-12
Dulcie,Gimblet,2006-11-25,681-15-1602,dgimblet2z@drupal.org,2021-10-27,2021-05-03,2021-05-13,2021-05-13
Sherwood,Haskew,1940-09-01,444-74-5001,shaskew30@blog.com,2020-02-24,2020-11-29,2020-12-13,2020-12-13
Una,MacPharlain,1955-11-22,718-11-8443,umacpharlain31@alibaba.com,2020-06-10,2020-10-21,2020-10-31,2020-10-31
Laure,Gidney,1969-10-19,671-42-9473,lgidney32@ft.com,2020-10-04,2021-07-29,2021-08-10,2021-08-10
Barthel,Wilderspoon,1959-12-29,762-98-4986,bwilderspoon33@baidu.com,2021-06-09,2020-08-25,2020-09-05,2020-09-05
Gram,Seiter,1999-01-31,638-67-5365,gseiter34@sogou.com,2020-11-21,2021-09-02,2021-09-13,2021-09-13
Zack,Edwins,1941-02-04,432-27-7275,zedwins35@uol.com.br,2020-09-25,2020-07-02,2020-07-12,2020-07-12
Fitz,Eads,1962-05-13,116-51-2643,feads36@opera.com,2020-06-28,2021-05-13,2021-05-25,2021-05-25
Liam,Hitzschke,1948-12-07,567-94-9197,lhitzschke37@uiuc.edu,2020-01-12,2020-11-24,2020-12-08,2020-12-08
Estele,Alenikov,1953-03-11,544-37-3901,ealenikov38@google.fr,2021-03-24,2021-10-08,2021-10-22,2021-10-22
Imojean,Poynor,1988-09-23,330-01-0360,ipoynor39@cbsnews.com,2021-09-27,2021-07-14,2021-07-27,2021-07-27
Merry,Bottom,1974-03-28,605-77-1555,mbottom3a@linkedin.com,2021-07-12,2020-12-24,2021-01-05,2021-01-05
Wendy,Capes,1996-02-25,254-61-6730,wcapes3b@slideshare.net,2020-03-12,2020-11-19,2020-12-02,2020-12-02
Wylie,Picker,2007-04-24,116-22-1754,wpicker3c@netvibes.com,2021-04-25,2021-05-11,2021-05-25,2021-05-25
Jayson,Titcom,1974-08-22,524-70-2614,jtitcom3d@nps.gov,2020-08-11,2020-06-24,2020-07-07,2020-07-07
Kingston,Evered,1947-09-29,376-95-4002,kevered3e@homestead.com,2021-01-18,2020-08-05,2020-08-18,2020-08-18
Cherye,Duberry,1967-11-25,562-08-6247,cduberry3f@bandcamp.com,2021-05-27,2021-08-23,2021-09-03,2021-09-03
Melisande,Moncarr,1943-09-12,803-88-0693,mmoncarr3g@reddit.com,2021-10-16,2020-02-28,2020-03-12,2020-03-12
Franzen,Sheehy,2005-01-19,204-28-4443,fsheehy3h@bloglovin.com,2021-03-13,2021-05-05,2021-05-17,2021-05-17
Marjorie,Deerness,1985-04-24,299-52-4178,mdeerness3i@ehow.com,2021-03-20,2020-01-17,2020-01-28,2020-01-28
Julie,Berrick,1953-11-09,816-80-6284,jberrick3j@google.co.jp,2020-06-01,2020-11-15,2020-11-27,2020-11-27
Merline,Wagg,1960-01-19,427-14-6862,mwagg3k@friendfeed.com,2020-02-19,2021-10-01,2021-10-14,2021-10-14
Anya,Levett,1960-06-11,182-41-3555,alevett3l@sourceforge.net,2020-06-14,2020-08-26,2020-09-06,2020-09-06
Robbie,Connar,1944-11-15,677-23-5255,rconnar3m@eepurl.com,2021-08-14,2021-01-26,2021-02-09,2021-02-09
Hy,Ibotson,1997-04-07,583-82-3971,hibotson3n@globo.com,2021-06-01,2021-04-09,2021-04-20,2021-04-20
Thomas,Beggio,1955-06-21,141-15-4180,tbeggio3o@stanford.edu,2020-09-29,2021-06-10,2021-06-23,2021-06-23
Lanae,Probert,1955-08-09,580-19-4629,lprobert3p@ycombinator.com,2021-05-16,2021-07-12,2021-07-23,2021-07-23
Terrence,Casol,1952-02-19,645-56-8296,tcasol3q@slideshare.net,2021-05-01,2021-09-04,2021-09-18,2021-09-18
Roxi,Aneley,1985-11-10,647-55-1547,raneley3r@microsoft.com,2021-04-11,2021-08-18,2021-09-01,2021-09-01
Vladamir,Champley,1965-10-11,634-71-3431,vchampley3s@t-online.de,2021-04-28,2020-10-06,2020-10-18,2020-10-18
Jenilee,MacVanamy,2007-10-14,372-97-9654,jmacvanamy3t@w3.org,2020-08-28,2021-07-27,2021-08-06,2021-08-06
Lynne,Grent,1940-02-24,477-57-1511,lgrent3u@usda.gov,2021-03-28,2020-03-19,2020-03-31,2020-03-31
Woodie,Chinn,2001-06-30,487-26-0653,wchinn3v@blogtalkradio.com,2021-08-18,2020-03-01,2020-03-13,2020-03-13
Carlie,Stobie,2002-01-15,555-39-3917,cstobie3w@wufoo.com,2021-08-01,2021-05-22,2021-06-04,2021-06-04
Krisha,Benoey,1953-08-18,328-52-7307,kbenoey3x@constantcontact.com,2021-02-02,2020-01-17,2020-01-28,2020-01-28
Amil,Biaggelli,1948-03-27,223-25-0101,abiaggelli3y@barnesandnoble.com,2020-04-07,2021-02-16,2021-02-28,2021-02-28
Jethro,Thurber,1940-11-03,518-29-6504,jthurber3z@wiley.com,2021-03-27,2020-12-18,2020-12-31,2020-12-31
Netta,Lissemore,1947-08-22,385-34-5245,nlissemore40@businessweek.com,2020-08-02,2020-06-09,2020-06-22,2020-06-22
Allx,Cocci,1979-11-10,344-44-1873,acocci41@opensource.org,2020-10-26,2021-10-06,2021-10-17,2021-10-17
Carver,Grigoliis,1975-01-29,639-62-2180,cgrigoliis42@webs.com,2021-08-02,2021-05-09,2021-05-21,2021-05-21
Coriss,Gerlts,1937-02-17,619-78-2964,cgerlts43@cbsnews.com,2021-11-01,2021-04-26,2021-05-10,2021-05-10
Cathee,Sproule,1994-12-30,350-54-2582,csproule44@bloglovin.com,2020-08-28,2021-05-30,2021-06-09,2021-06-09
Chaim,Cleyburn,1981-06-18,796-53-2165,ccleyburn45@walmart.com,2020-01-15,2021-02-07,2021-02-17,2021-02-17
Cissy,Worsfold,1952-06-28,584-64-8212,cworsfold46@google.com.br,2021-06-20,2021-09-27,2021-10-11,2021-10-11
Farlee,Petri,1961-05-28,117-69-4969,fpetri47@skyrock.com,2020-04-05,2021-10-04,2021-10-15,2021-10-15
Hilary,Bridgman,1952-06-24,126-04-1490,hbridgman48@icq.com,2020-09-03,2020-05-06,2020-05-18,2020-05-18
Angie,Casazza,1997-05-07,821-65-0555,acasazza49@livejournal.com,2020-04-27,2021-04-26,2021-05-09,2021-05-09
Nowell,Arrol,1942-04-14,562-08-2306,narrol4a@vimeo.com,2020-02-02,2020-05-02,2020-05-12,2020-05-12
Dyna,Oxford,1988-01-01,197-77-2905,doxford4b@google.nl,2021-10-21,2020-02-13,2020-02-27,2020-02-27
Kain,Gatsby,1950-09-19,303-63-6536,kgatsby4c@va.gov,2020-11-19,2020-05-17,2020-05-31,2020-05-31
Gilly,Keyworth,1977-11-10,785-03-7527,gkeyworth4d@gnu.org,2021-06-10,2020-04-15,2020-04-25,2020-04-25
Eryn,Leagas,1980-10-21,136-21-4407,eleagas4e@xing.com,2021-10-19,2020-04-30,2020-05-13,2020-05-13
Adrian,Cleave,1945-08-06,574-96-2562,acleave4f@dailymail.co.uk,2020-07-02,2021-04-15,2021-04-26,2021-04-26
Ronni,Skinner,1998-10-21,155-59-8918,rskinner4g@scientificamerican.com,2020-03-06,2020-06-18,2020-06-30,2020-06-30
Britta,Speerman,1967-12-10,106-25-7808,bspeerman4h@icq.com,2020-07-22,2021-01-29,2021-02-12,2021-02-12
Ella,Gration,1999-04-09,733-13-9050,egration4i@lycos.com,2021-10-28,2020-06-05,2020-06-16,2020-06-16
Roshelle,Ciccetti,1961-08-17,565-16-8298,rciccetti4j@ebay.co.uk,2021-01-26,2021-08-02,2021-08-16,2021-08-16
Brandi,Dummigan,1999-01-28,190-68-9271,bdummigan4k@ustream.tv,2020-07-22,2021-07-08,2021-07-19,2021-07-19
Mady,Bruty,1946-12-09,526-64-9057,mbruty4l@naver.com,2020-06-11,2021-03-30,2021-04-12,2021-04-12
Francyne,Steers,1985-10-27,631-27-8846,fsteers4m@example.com,2020-10-27,2020-02-15,2020-02-27,2020-02-27
Bertina,Longina,1978-02-11,522-20-8385,blongina4n@simplemachines.org,2021-04-01,2021-04-20,2021-05-03,2021-05-03
Harrie,Fairpool,1958-09-10,730-33-7762,hfairpool4o@1und1.de,2021-06-25,2021-08-22,2021-09-03,2021-09-03
Emerson,Connock,1985-04-06,727-93-3184,econnock4p@tiny.cc,2020-02-09,2020-03-25,2020-04-08,2020-04-08
Bette-ann,Baine,1975-06-03,505-34-6637,bbaine4q@acquirethisname.com,2021-10-28,2020-06-15,2020-06-28,2020-06-28
Davy,Middlemist,2001-02-01,115-98-9301,dmiddlemist4r@boston.com,2021-02-24,2020-07-24,2020-08-06,2020-08-06
Gilemette,Hedgeley,2004-08-08,528-42-5867,ghedgeley4s@columbia.edu,2021-05-14,2020-12-18,2020-12-31,2020-12-31
Rahel,Ferriere,1989-01-01,399-60-3632,rferriere4t@ox.ac.uk,2020-03-28,2020-12-05,2020-12-15,2020-12-15
Dusty,Warcop,1956-06-06,161-10-2221,dwarcop4u@rediff.com,2021-03-11,2021-09-08,2021-09-19,2021-09-19
Row,Linne,1939-05-11,406-98-5616,rlinne4v@usa.gov,2020-12-25,2021-04-04,2021-04-15,2021-04-15
Kristal,Dimblebee,1952-02-04,654-49-2632,kdimblebee4w@wix.com,2020-02-26,2021-06-26,2021-07-09,2021-07-09
Nixie,Gillice,1939-11-03,697-79-5774,ngillice4x@vkontakte.ru,2020-12-23,2021-03-04,2021-03-16,2021-03-16
Madlen,Huglin,1962-07-28,360-86-4420,mhuglin4y@themeforest.net,2020-04-02,2020-08-06,2020-08-19,2020-08-19
Bekki,Birk,1947-06-21,492-20-4649,bbirk4z@tinypic.com,2021-02-14,2021-06-28,2021-07-10,2021-07-10
Giuseppe,Beet,1946-04-05,518-80-2579,gbeet50@delicious.com,2021-07-21,2020-11-18,2020-11-30,2020-11-30
Wanda,Ghidetti,1969-11-13,393-33-7967,wghidetti51@comsenz.com,2020-04-27,2020-05-31,2020-06-12,2020-06-12
Christen,Skiggs,1942-01-14,733-50-1486,cskiggs52@de.vu,2021-06-16,2021-03-02,2021-03-15,2021-03-15
Nickie,Tunnow,1974-02-04,656-04-0656,ntunnow53@ezinearticles.com,2021-01-01,2020-04-30,2020-05-13,2020-05-13
Ab,Soffe,2005-08-13,339-30-3250,asoffe54@instagram.com,2021-06-05,2020-05-25,2020-06-08,2020-06-08
Darrelle,Scriven,1950-05-09,595-89-1319,dscriven55@goo.ne.jp,2021-05-29,2021-08-26,2021-09-09,2021-09-09
Leicester,Drust,1983-12-27,451-22-9061,ldrust56@rediff.com,2021-01-02,2021-09-19,2021-10-03,2021-10-03
Rhona,Minchi,1939-04-20,582-44-1684,rminchi57@rediff.com,2020-11-05,2020-05-10,2020-05-24,2020-05-24
Myrtle,Kelk,2008-02-05,527-80-6539,mkelk58@wunderground.com,2020-01-15,2020-11-08,2020-11-21,2020-11-21
Delainey,Pabel,1960-09-07,291-71-8909,dpabel59@netscape.com,2021-03-28,2020-10-25,2020-11-06,2020-11-06
Cari,Wallentin,1985-10-13,434-78-3585,cwallentin5a@gravatar.com,2021-03-12,2020-03-07,2020-03-18,2020-03-18
Tann,De Bell,1958-06-22,539-55-3261,tdebell5b@archive.org,2021-02-28,2021-03-22,2021-04-02,2021-04-02
Sandra,Culley,1975-12-11,302-20-3828,sculley5c@wikispaces.com,2021-01-09,2020-06-22,2020-07-04,2020-07-04
Sonya,Bradmore,1941-09-24,525-93-2078,sbradmore5d@businessinsider.com,2021-10-19,2020-05-16,2020-05-28,2020-05-28
Maisey,Quoit,1993-06-12,794-03-7411,mquoit5e@cmu.edu,2021-10-12,2020-10-11,2020-10-22,2020-10-22
Terry,Horsfield,1990-07-14,527-57-0836,thorsfield5f@phoca.cz,2021-04-29,2020-04-27,2020-05-07,2020-05-07
Donica,Patise,1962-05-13,342-69-5676,dpatise5g@google.cn,2021-09-08,2020-08-30,2020-09-09,2020-09-09
Raimondo,Davies,1985-10-31,222-18-7705,rdavies5h@twitpic.com,2020-09-17,2021-06-09,2021-06-19,2021-06-19
Gerardo,Tanzig,1974-03-10,705-65-8448,gtanzig5i@paginegialle.it,2020-02-29,2021-05-07,2021-05-18,2021-05-18
Nikolia,Ready,1997-07-24,864-95-9718,nready5j@hubpages.com,2020-03-11,2021-06-11,2021-06-24,2021-06-24
Domingo,Aery,1951-07-02,883-95-3556,daery5k@wisc.edu,2020-04-01,2021-08-26,2021-09-07,2021-09-07
Fitz,Sambrook,1989-06-26,647-86-6873,fsambrook5l@studiopress.com,2020-09-09,2020-01-03,2020-01-15,2020-01-15
Joshia,Vaughton,1953-05-10,745-57-3062,jvaughton5m@list-manage.com,2021-03-02,2021-08-28,2021-09-07,2021-09-07
Bunni,Dew,1957-11-15,792-63-7985,bdew5n@mayoclinic.com,2021-01-07,2020-06-06,2020-06-19,2020-06-19
Karim,Ionnisian,1970-06-28,302-65-9374,kionnisian5o@amazon.com,2021-03-14,2020-12-09,2020-12-22,2020-12-22
Vanny,Jacquet,2003-11-24,760-82-5065,vjacquet5p@rediff.com,2020-09-17,2021-05-13,2021-05-24,2021-05-24
Benedick,D'Adamo,1942-02-02,738-94-1593,bdadamo5q@hao123.com,2020-07-29,2020-02-18,2020-03-01,2020-03-01
Dorella,Gouck,1956-03-01,689-33-2919,dgouck5r@mozilla.org,2021-06-15,2020-03-03,2020-03-16,2020-03-16
Rockwell,Forrestall,1957-02-18,721-07-2343,rforrestall5s@stanford.edu,2021-09-18,2020-08-28,2020-09-10,2020-09-10
Beckie,Clymo,1955-08-06,383-95-5791,bclymo5t@marketwatch.com,2020-12-21,2021-04-09,2021-04-20,2021-04-20
Lanita,Waine,1961-04-12,391-29-4652,lwaine5u@gravatar.com,2020-10-10,2021-04-10,2021-04-22,2021-04-22
Batsheva,Oseland,1951-03-24,544-96-4975,boseland5v@blog.com,2020-08-20,2020-04-26,2020-05-10,2020-05-10
Avie,Poland,1985-01-29,441-33-2555,apoland5w@shinystat.com,2020-08-12,2021-10-17,2021-10-31,2021-10-31
Tessa,Priscott,2006-10-12,721-17-8930,tpriscott5x@discuz.net,2020-11-28,2020-05-24,2020-06-07,2020-06-07
Jen,Muscroft,1978-10-30,818-70-7409,jmuscroft5y@theatlantic.com,2021-01-15,2020-07-26,2020-08-06,2020-08-06
Nichols,Ferrarin,1959-05-11,131-75-3378,nferrarin5z@independent.co.uk,2020-04-21,2021-07-11,2021-07-21,2021-07-21
Luelle,Bontoft,1943-01-21,690-94-6799,lbontoft60@statcounter.com,2020-12-06,2020-07-06,2020-07-16,2020-07-16
Lucius,Hengoed,1951-07-11,778-09-1343,lhengoed61@digg.com,2020-08-16,2021-07-15,2021-07-27,2021-07-27
Merridie,McNuff,2009-10-10,648-21-3181,mmcnuff62@mapquest.com,2020-03-31,2020-12-01,2020-12-12,2020-12-12
Hanny,Cowcha,1967-02-04,644-42-7140,hcowcha63@tiny.cc,2021-02-26,2021-01-26,2021-02-09,2021-02-09
